=== Checking for updates from upstream repository ===
From https://github.com/ivo-toby/postgram
 * branch            main       -> FETCH_HEAD
Already up-to-date with upstream.
=== Checking for updates from upstream repository ===
From https://github.com/ivo-toby/postgram
 * branch            main       -> FETCH_HEAD
Already up-to-date with upstream.
=== Checking for updates from upstream repository ===
From https://github.com/Haasie/postgram
 * branch            main       -> FETCH_HEAD
 * [new branch]      main       -> origin/main
New updates found! Pulling changes...
No local changes to save
From https://github.com/Haasie/postgram
 * branch            main       -> FETCH_HEAD
Already up to date.
No stash entries found.
Warning: Stash pop had conflicts. You may need to resolve them manually in the editor.
Rebuilding UI image...
Building postgram-postgram-ui:latest locally...
#0 building with "default" instance using docker driver

#1 [internal] load build definition from Dockerfile
#1 transferring dockerfile: 271B done
#1 DONE 0.0s

#2 [internal] load metadata for docker.io/library/node:22-alpine
#2 ...

#3 [internal] load metadata for docker.io/library/nginx:alpine
#3 DONE 0.8s

#2 [internal] load metadata for docker.io/library/node:22-alpine
#2 DONE 1.4s

#4 [internal] load .dockerignore
#4 transferring context: 85B done
#4 DONE 0.0s

#5 [internal] load build context
#5 transferring context: 3.87kB done
#5 DONE 0.0s

#6 [stage-1 1/3] FROM docker.io/library/nginx:alpine@sha256:54f2a904c251d5a34adf545a72d32515a15e08418dae0266e23be2e18c66fefa
#6 resolve docker.io/library/nginx:alpine@sha256:54f2a904c251d5a34adf545a72d32515a15e08418dae0266e23be2e18c66fefa 0.0s done
#6 DONE 0.0s

#7 [builder 1/6] FROM docker.io/library/node:22-alpine@sha256:16e22a550f3863206a3f701448c45f7912c6896a62de43add43bb9c86130c3e2
#7 resolve docker.io/library/node:22-alpine@sha256:16e22a550f3863206a3f701448c45f7912c6896a62de43add43bb9c86130c3e2 0.0s done
#7 DONE 0.0s

#8 [builder 2/6] WORKDIR /app
#8 CACHED

#9 [builder 3/6] COPY package*.json ./
#9 CACHED

#10 [builder 4/6] RUN npm ci
#10 CACHED

#11 [builder 5/6] COPY . .
#11 CACHED

#12 [builder 6/6] RUN npm run build
#12 CACHED

#13 [stage-1 2/3] COPY --from=builder /app/dist /usr/share/nginx/html
#13 CACHED

#14 [stage-1 3/3] COPY nginx.conf /etc/nginx/conf.d/default.conf
#14 CACHED

#15 exporting to image
#15 exporting layers done
#15 exporting manifest sha256:e5efa555abd7c41217b7318265a9042a09644d8d956c5e305dfc5ac4327d9f2e done
#15 exporting config sha256:d6d28303d886770b40ef0b283db28be1957e48370b7329fc2d5db2a6f41344f3 done
#15 exporting attestation manifest sha256:d1aa8db918e3634a755474ae9ced790f38056114e54d4155eea3548bc832f32b 0.0s done
#15 exporting manifest list sha256:69c431c799a832140a2aac2fbcd4fec2ffacf0891cee4d9d1a69c095bf7d56ad done
#15 naming to docker.io/library/postgram-postgram-ui:latest done
#15 unpacking to docker.io/library/postgram-postgram-ui:latest done
#15 DONE 0.1s
----------------------------------------
Build complete! You can now import
cosmos-compose.json into Cosmos Cloud.
----------------------------------------
Rebuilding MCP Server image...
#0 building with "default" instance using docker driver

#1 [internal] load build definition from Dockerfile
#1 transferring dockerfile: 785B done
#1 DONE 0.0s

#2 [internal] load metadata for docker.io/library/node:22-alpine
#2 DONE 0.2s

#3 [internal] load .dockerignore
#3 transferring context: 2B done
#3 DONE 0.0s

#4 [builder 1/8] FROM docker.io/library/node:22-alpine@sha256:16e22a550f3863206a3f701448c45f7912c6896a62de43add43bb9c86130c3e2
#4 resolve docker.io/library/node:22-alpine@sha256:16e22a550f3863206a3f701448c45f7912c6896a62de43add43bb9c86130c3e2 0.0s done
#4 DONE 0.0s

#5 [internal] load build context
#5 transferring context: 3.11kB done
#5 DONE 0.0s

#6 [stage-1 5/8] COPY --from=builder /app/node_modules ./node_modules
#6 CACHED

#7 [builder 7/8] COPY src ./src
#7 CACHED

#8 [builder 8/8] RUN npm run build
#8 CACHED

#9 [stage-1 6/8] COPY --from=builder /app/package.json ./
#9 CACHED

#10 [builder 5/8] RUN npm ci
#10 CACHED

#11 [builder 3/8] COPY package.json package-lock.json ./
#11 CACHED

#12 [stage-1 7/8] COPY src/db/migrations ./dist/db/migrations
#12 CACHED

#13 [stage-1 3/8] RUN apk add --no-cache tini
#13 CACHED

#14 [builder 6/8] COPY tsconfig.json tsconfig.build.json ./
#14 CACHED

#15 [builder 4/8] COPY cli/package.json ./cli/package.json
#15 CACHED

#16 [builder 2/8] WORKDIR /app
#16 CACHED

#17 [stage-1 4/8] COPY --from=builder /app/dist ./dist
#17 CACHED

#18 [stage-1 8/8] RUN chmod +x /app/dist/cli/admin/pgm-admin.js  && ln -s /app/dist/cli/admin/pgm-admin.js /usr/local/bin/pgm-admin
#18 CACHED

#19 exporting to image
#19 exporting layers done
#19 exporting manifest sha256:df0204622fcac172b1fb73d979812e5fb7032edde6926c1bb3bcbad46dd1775b done
#19 exporting config sha256:0dc28a5c117bf41f0df8e01c117f4346c2d5ab1995cd082cc55996db31d0dc15 done
#19 exporting attestation manifest sha256:f7c0de4b719d912974e43e14809aaee6d452dfeddfae9164c4b289f396891084 0.0s done
#19 exporting manifest list sha256:e8599cd5228054bad22836737506ff3f3fff895371d9b3151c0841d31a7eb5fe done
#19 naming to docker.io/library/postgram-mcp-server:latest done
#19 unpacking to docker.io/library/postgram-mcp-server:latest done
#19 DONE 0.1s
Restarting containers...
 Container postgram-postgres-1 Running 
 Container postgram-ollama-1 Running 
 Container postgram-mcp-server-1 Recreate 
 Container postgram-mcp-server-1 Recreated 
 Container postgram-postgram-ui-1 Recreate 
 Container postgram-postgram-ui-1 Recreated 
 Container postgram-postgres-1 Waiting 
 Container postgram-postgres-1 Healthy 
 Container postgram-mcp-server-1 Starting 
 Container postgram-mcp-server-1 Started 
 Container postgram-postgram-ui-1 Starting 
 Container postgram-postgram-ui-1 Started 
=== Update complete ===
=== Checking for updates from upstream repository ===
From https://github.com/Haasie/postgram
 * branch            main       -> FETCH_HEAD
New updates found! Pulling changes...
No local changes to save
From https://github.com/Haasie/postgram
 * branch            main       -> FETCH_HEAD
Already up to date.
No stash entries found.
Warning: Stash pop had conflicts. You may need to resolve them manually in the editor.
Rebuilding UI image...
Building postgram-postgram-ui:latest locally...
#0 building with "default" instance using docker driver

#1 [internal] load build definition from Dockerfile
#1 transferring dockerfile: 271B done
#1 DONE 0.0s

#2 [internal] load metadata for docker.io/library/node:22-alpine
#2 DONE 0.6s

#3 [internal] load metadata for docker.io/library/nginx:alpine
#3 DONE 1.1s

#4 [internal] load .dockerignore
#4 transferring context: 85B done
#4 DONE 0.0s

#5 [internal] load build context
#5 transferring context: 3.87kB done
#5 DONE 0.0s

#6 [builder 1/6] FROM docker.io/library/node:22-alpine@sha256:16e22a550f3863206a3f701448c45f7912c6896a62de43add43bb9c86130c3e2
#6 resolve docker.io/library/node:22-alpine@sha256:16e22a550f3863206a3f701448c45f7912c6896a62de43add43bb9c86130c3e2 0.0s done
#6 DONE 0.0s

#7 [stage-1 1/3] FROM docker.io/library/nginx:alpine@sha256:54f2a904c251d5a34adf545a72d32515a15e08418dae0266e23be2e18c66fefa
#7 resolve docker.io/library/nginx:alpine@sha256:54f2a904c251d5a34adf545a72d32515a15e08418dae0266e23be2e18c66fefa 0.0s done
#7 DONE 0.0s

#8 [builder 3/6] COPY package*.json ./
#8 CACHED

#9 [builder 6/6] RUN npm run build
#9 CACHED

#10 [stage-1 2/3] COPY --from=builder /app/dist /usr/share/nginx/html
#10 CACHED

#11 [builder 2/6] WORKDIR /app
#11 CACHED

#12 [builder 4/6] RUN npm ci
#12 CACHED

#13 [builder 5/6] COPY . .
#13 CACHED

#14 [stage-1 3/3] COPY nginx.conf /etc/nginx/conf.d/default.conf
#14 CACHED

#15 exporting to image
#15 exporting layers done
#15 exporting manifest sha256:e5efa555abd7c41217b7318265a9042a09644d8d956c5e305dfc5ac4327d9f2e done
#15 exporting config sha256:d6d28303d886770b40ef0b283db28be1957e48370b7329fc2d5db2a6f41344f3 done
#15 exporting attestation manifest sha256:d2071e9f4d2518144fd81ecc47cb90369ebebe6326023e4a8ad9d542dd3db5c2 0.0s done
#15 exporting manifest list sha256:cbae94181f2a3f117e1f6b6934eb87782289a5e19b12d1e0cdbfa57e2b6220d1 done
#15 naming to docker.io/library/postgram-postgram-ui:latest done
#15 unpacking to docker.io/library/postgram-postgram-ui:latest done
#15 DONE 0.1s
----------------------------------------
Build complete! You can now import
cosmos-compose.json into Cosmos Cloud.
----------------------------------------
Rebuilding MCP Server image...
#0 building with "default" instance using docker driver

#1 [internal] load build definition from Dockerfile
#1 transferring dockerfile: 785B done
#1 DONE 0.0s

#2 [internal] load metadata for docker.io/library/node:22-alpine
#2 DONE 0.2s

#3 [internal] load .dockerignore
#3 transferring context: 2B done
#3 DONE 0.0s

#4 [builder 1/8] FROM docker.io/library/node:22-alpine@sha256:16e22a550f3863206a3f701448c45f7912c6896a62de43add43bb9c86130c3e2
#4 resolve docker.io/library/node:22-alpine@sha256:16e22a550f3863206a3f701448c45f7912c6896a62de43add43bb9c86130c3e2 0.0s done
#4 DONE 0.0s

#5 [internal] load build context
#5 transferring context: 3.11kB done
#5 DONE 0.0s

#6 [stage-1 6/8] COPY --from=builder /app/package.json ./
#6 CACHED

#7 [builder 3/8] COPY package.json package-lock.json ./
#7 CACHED

#8 [builder 7/8] COPY src ./src
#8 CACHED

#9 [stage-1 3/8] RUN apk add --no-cache tini
#9 CACHED

#10 [builder 5/8] RUN npm ci
#10 CACHED

#11 [builder 6/8] COPY tsconfig.json tsconfig.build.json ./
#11 CACHED

#12 [builder 2/8] WORKDIR /app
#12 CACHED

#13 [stage-1 5/8] COPY --from=builder /app/node_modules ./node_modules
#13 CACHED

#14 [stage-1 7/8] COPY src/db/migrations ./dist/db/migrations
#14 CACHED

#15 [stage-1 4/8] COPY --from=builder /app/dist ./dist
#15 CACHED

#16 [builder 4/8] COPY cli/package.json ./cli/package.json
#16 CACHED

#17 [builder 8/8] RUN npm run build
#17 CACHED

#18 [stage-1 8/8] RUN chmod +x /app/dist/cli/admin/pgm-admin.js  && ln -s /app/dist/cli/admin/pgm-admin.js /usr/local/bin/pgm-admin
#18 CACHED

#19 exporting to image
#19 exporting layers done
#19 exporting manifest sha256:df0204622fcac172b1fb73d979812e5fb7032edde6926c1bb3bcbad46dd1775b done
#19 exporting config sha256:0dc28a5c117bf41f0df8e01c117f4346c2d5ab1995cd082cc55996db31d0dc15 done
#19 exporting attestation manifest sha256:10b9d786d19f41e688004c0cbfb25b8cdc04d42609d8cc86934cc26564241b12 0.0s done
#19 exporting manifest list sha256:9bf9ae55abe298eeab472abd1c4313cea641ff82194aa8294663e30727239819 done
#19 naming to docker.io/library/postgram-mcp-server:latest done
#19 unpacking to docker.io/library/postgram-mcp-server:latest done
#19 DONE 0.1s
Restarting containers...
 Container postgram-postgres-1 Running 
 Container postgram-ollama-1 Running 
 Container postgram-mcp-server-1 Recreate 
 Container postgram-mcp-server-1 Recreated 
 Container postgram-postgram-ui-1 Recreate 
 Container postgram-postgram-ui-1 Recreated 
 Container postgram-postgres-1 Waiting 
 Container postgram-postgres-1 Healthy 
 Container postgram-mcp-server-1 Starting 
 Container postgram-mcp-server-1 Started 
 Container postgram-postgram-ui-1 Starting 
 Container postgram-postgram-ui-1 Started 
=== Update complete ===
=== Checking for updates from upstream repository ===
From https://github.com/Haasie/postgram
 * branch            main       -> FETCH_HEAD
New updates found! Pulling changes...
No local changes to save
From https://github.com/Haasie/postgram
 * branch            main       -> FETCH_HEAD
Already up to date.
No stash entries found.
Warning: Stash pop had conflicts. You may need to resolve them manually in the editor.
Rebuilding UI image...
Building postgram-postgram-ui:latest locally...
#0 building with "default" instance using docker driver

#1 [internal] load build definition from Dockerfile
#1 transferring dockerfile: 271B done
#1 DONE 0.0s

#2 [internal] load metadata for docker.io/library/nginx:alpine
#2 ...

#3 [internal] load metadata for docker.io/library/node:22-alpine
#3 DONE 0.7s

#2 [internal] load metadata for docker.io/library/nginx:alpine
#2 DONE 1.9s

#4 [internal] load .dockerignore
#4 transferring context: 85B done
#4 DONE 0.0s

#5 [internal] load build context
#5 transferring context: 3.87kB done
#5 DONE 0.0s

#6 [stage-1 1/3] FROM docker.io/library/nginx:alpine@sha256:54f2a904c251d5a34adf545a72d32515a15e08418dae0266e23be2e18c66fefa
#6 resolve docker.io/library/nginx:alpine@sha256:54f2a904c251d5a34adf545a72d32515a15e08418dae0266e23be2e18c66fefa 0.0s done
#6 DONE 0.0s

#7 [builder 1/6] FROM docker.io/library/node:22-alpine@sha256:16e22a550f3863206a3f701448c45f7912c6896a62de43add43bb9c86130c3e2
#7 resolve docker.io/library/node:22-alpine@sha256:16e22a550f3863206a3f701448c45f7912c6896a62de43add43bb9c86130c3e2 0.0s done
#7 DONE 0.0s

#8 [builder 5/6] COPY . .
#8 CACHED

#9 [builder 6/6] RUN npm run build
#9 CACHED

#10 [builder 3/6] COPY package*.json ./
#10 CACHED

#11 [builder 4/6] RUN npm ci
#11 CACHED

#12 [stage-1 2/3] COPY --from=builder /app/dist /usr/share/nginx/html
#12 CACHED

#13 [builder 2/6] WORKDIR /app
#13 CACHED

#14 [stage-1 3/3] COPY nginx.conf /etc/nginx/conf.d/default.conf
#14 CACHED

#15 exporting to image
#15 exporting layers done
#15 exporting manifest sha256:e5efa555abd7c41217b7318265a9042a09644d8d956c5e305dfc5ac4327d9f2e done
#15 exporting config sha256:d6d28303d886770b40ef0b283db28be1957e48370b7329fc2d5db2a6f41344f3 done
#15 exporting attestation manifest sha256:e2acb91ee1dca8c06f2ba186cadc46fe6bed1f4a6296b0ea8701876ff72507df 0.0s done
#15 exporting manifest list sha256:93cd629133897b52af9862d53c9c192c09c8937f561e56e7f34c8d940669df36 done
#15 naming to docker.io/library/postgram-postgram-ui:latest done
#15 unpacking to docker.io/library/postgram-postgram-ui:latest done
#15 DONE 0.1s
----------------------------------------
Build complete! You can now import
cosmos-compose.json into Cosmos Cloud.
----------------------------------------
Rebuilding MCP Server image...
#0 building with "default" instance using docker driver

#1 [internal] load build definition from Dockerfile
#1 transferring dockerfile: 785B done
#1 DONE 0.0s

#2 [internal] load metadata for docker.io/library/node:22-alpine
#2 DONE 0.3s

#3 [internal] load .dockerignore
#3 transferring context: 2B done
#3 DONE 0.0s

#4 [builder 1/8] FROM docker.io/library/node:22-alpine@sha256:16e22a550f3863206a3f701448c45f7912c6896a62de43add43bb9c86130c3e2
#4 resolve docker.io/library/node:22-alpine@sha256:16e22a550f3863206a3f701448c45f7912c6896a62de43add43bb9c86130c3e2 0.0s done
#4 DONE 0.0s

#5 [internal] load build context
#5 transferring context: 3.11kB done
#5 DONE 0.0s

#6 [builder 5/8] RUN npm ci
#6 CACHED

#7 [builder 7/8] COPY src ./src
#7 CACHED

#8 [builder 6/8] COPY tsconfig.json tsconfig.build.json ./
#8 CACHED

#9 [stage-1 5/8] COPY --from=builder /app/node_modules ./node_modules
#9 CACHED

#10 [stage-1 7/8] COPY src/db/migrations ./dist/db/migrations
#10 CACHED

#11 [builder 2/8] WORKDIR /app
#11 CACHED

#12 [stage-1 6/8] COPY --from=builder /app/package.json ./
#12 CACHED

#13 [stage-1 4/8] COPY --from=builder /app/dist ./dist
#13 CACHED

#14 [builder 8/8] RUN npm run build
#14 CACHED

#15 [stage-1 3/8] RUN apk add --no-cache tini
#15 CACHED

#16 [builder 4/8] COPY cli/package.json ./cli/package.json
#16 CACHED

#17 [builder 3/8] COPY package.json package-lock.json ./
#17 CACHED

#18 [stage-1 8/8] RUN chmod +x /app/dist/cli/admin/pgm-admin.js  && ln -s /app/dist/cli/admin/pgm-admin.js /usr/local/bin/pgm-admin
#18 CACHED

#19 exporting to image
#19 exporting layers done
#19 exporting manifest sha256:df0204622fcac172b1fb73d979812e5fb7032edde6926c1bb3bcbad46dd1775b done
#19 exporting config sha256:0dc28a5c117bf41f0df8e01c117f4346c2d5ab1995cd082cc55996db31d0dc15 done
#19 exporting attestation manifest sha256:651ed3333a26d19d4692632953a6817dc2c7a44173782051c618111b9af8870a 0.0s done
#19 exporting manifest list sha256:551d55f50bb6bf8beef920946b8fecbf290eae96013c9a10af2612e1102a0d4f done
#19 naming to docker.io/library/postgram-mcp-server:latest done
#19 unpacking to docker.io/library/postgram-mcp-server:latest done
#19 DONE 0.1s
Restarting containers...
 Container postgram-postgres-1 Running 
 Container postgram-ollama-1 Running 
 Container postgram-mcp-server-1 Recreate 
 Container postgram-mcp-server-1 Recreated 
 Container postgram-postgram-ui-1 Recreate 
 Container postgram-postgram-ui-1 Recreated 
 Container postgram-postgres-1 Waiting 
 Container postgram-postgres-1 Healthy 
 Container postgram-mcp-server-1 Starting 
 Container postgram-mcp-server-1 Started 
 Container postgram-postgram-ui-1 Starting 
 Container postgram-postgram-ui-1 Started 
=== Update complete ===
=== Checking for updates from upstream repository ===
From https://github.com/Haasie/postgram
 * branch            main       -> FETCH_HEAD
New updates found! Pulling changes...
No local changes to save
From https://github.com/Haasie/postgram
 * branch            main       -> FETCH_HEAD
Already up to date.
No stash entries found.
Warning: Stash pop had conflicts. You may need to resolve them manually in the editor.
Rebuilding UI image...
Building postgram-postgram-ui:latest locally...
#0 building with "default" instance using docker driver

#1 [internal] load build definition from Dockerfile
#1 transferring dockerfile: 271B done
#1 DONE 0.0s

#2 [internal] load metadata for docker.io/library/node:22-alpine
#2 ...

#3 [internal] load metadata for docker.io/library/nginx:alpine
#3 DONE 0.9s

#2 [internal] load metadata for docker.io/library/node:22-alpine
#2 DONE 0.9s

#4 [internal] load .dockerignore
#4 transferring context: 85B done
#4 DONE 0.0s

#5 [internal] load build context
#5 transferring context: 3.87kB done
#5 DONE 0.0s

#6 [stage-1 1/3] FROM docker.io/library/nginx:alpine@sha256:54f2a904c251d5a34adf545a72d32515a15e08418dae0266e23be2e18c66fefa
#6 resolve docker.io/library/nginx:alpine@sha256:54f2a904c251d5a34adf545a72d32515a15e08418dae0266e23be2e18c66fefa 0.0s done
#6 DONE 0.0s

#7 [builder 1/6] FROM docker.io/library/node:22-alpine@sha256:16e22a550f3863206a3f701448c45f7912c6896a62de43add43bb9c86130c3e2
#7 resolve docker.io/library/node:22-alpine@sha256:16e22a550f3863206a3f701448c45f7912c6896a62de43add43bb9c86130c3e2 0.0s done
#7 DONE 0.0s

#8 [builder 3/6] COPY package*.json ./
#8 CACHED

#9 [builder 4/6] RUN npm ci
#9 CACHED

#10 [builder 2/6] WORKDIR /app
#10 CACHED

#11 [builder 5/6] COPY . .
#11 CACHED

#12 [builder 6/6] RUN npm run build
#12 CACHED

#13 [stage-1 2/3] COPY --from=builder /app/dist /usr/share/nginx/html
#13 CACHED

#14 [stage-1 3/3] COPY nginx.conf /etc/nginx/conf.d/default.conf
#14 CACHED

#15 exporting to image
#15 exporting layers done
#15 exporting manifest sha256:e5efa555abd7c41217b7318265a9042a09644d8d956c5e305dfc5ac4327d9f2e done
#15 exporting config sha256:d6d28303d886770b40ef0b283db28be1957e48370b7329fc2d5db2a6f41344f3 done
#15 exporting attestation manifest sha256:54bfc73a0782c2593107ff0494558046fb65944e3ba625192733645b4fa1cb3d
#15 exporting attestation manifest sha256:54bfc73a0782c2593107ff0494558046fb65944e3ba625192733645b4fa1cb3d 0.0s done
#15 exporting manifest list sha256:4644aa7eb07cdbd4f25c8dfb7c8fc6bda495e6191fdf07e9c61bc28c8845d710 done
#15 naming to docker.io/library/postgram-postgram-ui:latest done
#15 unpacking to docker.io/library/postgram-postgram-ui:latest done
#15 DONE 0.1s
----------------------------------------
Build complete! You can now import
cosmos-compose.json into Cosmos Cloud.
----------------------------------------
Rebuilding MCP Server image...
#0 building with "default" instance using docker driver

#1 [internal] load build definition from Dockerfile
#1 transferring dockerfile: 785B done
#1 DONE 0.0s

#2 [internal] load metadata for docker.io/library/node:22-alpine
#2 DONE 0.2s

#3 [internal] load .dockerignore
#3 transferring context: 2B done
#3 DONE 0.0s

#4 [builder 1/8] FROM docker.io/library/node:22-alpine@sha256:16e22a550f3863206a3f701448c45f7912c6896a62de43add43bb9c86130c3e2
#4 resolve docker.io/library/node:22-alpine@sha256:16e22a550f3863206a3f701448c45f7912c6896a62de43add43bb9c86130c3e2 0.0s done
#4 DONE 0.0s

#5 [internal] load build context
#5 transferring context: 3.11kB done
#5 DONE 0.0s

#6 [stage-1 6/8] COPY --from=builder /app/package.json ./
#6 CACHED

#7 [stage-1 4/8] COPY --from=builder /app/dist ./dist
#7 CACHED

#8 [builder 3/8] COPY package.json package-lock.json ./
#8 CACHED

#9 [builder 4/8] COPY cli/package.json ./cli/package.json
#9 CACHED

#10 [stage-1 5/8] COPY --from=builder /app/node_modules ./node_modules
#10 CACHED

#11 [builder 8/8] RUN npm run build
#11 CACHED

#12 [builder 2/8] WORKDIR /app
#12 CACHED

#13 [builder 7/8] COPY src ./src
#13 CACHED

#14 [stage-1 3/8] RUN apk add --no-cache tini
#14 CACHED

#15 [builder 5/8] RUN npm ci
#15 CACHED

#16 [builder 6/8] COPY tsconfig.json tsconfig.build.json ./
#16 CACHED

#17 [stage-1 7/8] COPY src/db/migrations ./dist/db/migrations
#17 CACHED

#18 [stage-1 8/8] RUN chmod +x /app/dist/cli/admin/pgm-admin.js  && ln -s /app/dist/cli/admin/pgm-admin.js /usr/local/bin/pgm-admin
#18 CACHED

#19 exporting to image
#19 exporting layers done
#19 exporting manifest sha256:df0204622fcac172b1fb73d979812e5fb7032edde6926c1bb3bcbad46dd1775b done
#19 exporting config sha256:0dc28a5c117bf41f0df8e01c117f4346c2d5ab1995cd082cc55996db31d0dc15 done
#19 exporting attestation manifest sha256:d7790ec348621e062d3f01f5091b6555bc14ae47aec6286ee310412539382c97 0.0s done
#19 exporting manifest list sha256:9e44b50abf2891a2f8fe1affe4b59c2baa8a21de8ff128a9d192c23f17acc79d done
#19 naming to docker.io/library/postgram-mcp-server:latest done
#19 unpacking to docker.io/library/postgram-mcp-server:latest done
#19 DONE 0.1s
Restarting containers...
 Container postgram-postgres-1 Running 
 Container postgram-ollama-1 Running 
 Container postgram-mcp-server-1 Recreate 
 Container postgram-mcp-server-1 Recreated 
 Container postgram-postgram-ui-1 Recreate 
 Container postgram-postgram-ui-1 Recreated 
 Container postgram-postgres-1 Waiting 
 Container postgram-postgres-1 Healthy 
 Container postgram-mcp-server-1 Starting 
 Container postgram-mcp-server-1 Started 
 Container postgram-postgram-ui-1 Starting 
 Container postgram-postgram-ui-1 Started 
=== Update complete ===
=== Checking for updates from upstream repository ===
From https://github.com/Haasie/postgram
 * branch            main       -> FETCH_HEAD
New updates found! Pulling changes...
No local changes to save
From https://github.com/Haasie/postgram
 * branch            main       -> FETCH_HEAD
Already up to date.
No stash entries found.
Warning: Stash pop had conflicts. You may need to resolve them manually in the editor.
Rebuilding UI image...
Building postgram-postgram-ui:latest locally...
#0 building with "default" instance using docker driver

#1 [internal] load build definition from Dockerfile
#1 transferring dockerfile: 271B done
#1 DONE 0.0s

#2 [internal] load metadata for docker.io/library/nginx:alpine
#2 ...

#3 [internal] load metadata for docker.io/library/node:22-alpine
#3 DONE 0.7s

#2 [internal] load metadata for docker.io/library/nginx:alpine
#2 DONE 1.1s

#4 [internal] load .dockerignore
#4 transferring context: 85B done
#4 DONE 0.0s

#5 [internal] load build context
#5 transferring context: 3.87kB done
#5 DONE 0.0s

#6 [stage-1 1/3] FROM docker.io/library/nginx:alpine@sha256:54f2a904c251d5a34adf545a72d32515a15e08418dae0266e23be2e18c66fefa
#6 resolve docker.io/library/nginx:alpine@sha256:54f2a904c251d5a34adf545a72d32515a15e08418dae0266e23be2e18c66fefa 0.0s done
#6 DONE 0.0s

#7 [builder 1/6] FROM docker.io/library/node:22-alpine@sha256:16e22a550f3863206a3f701448c45f7912c6896a62de43add43bb9c86130c3e2
#7 resolve docker.io/library/node:22-alpine@sha256:16e22a550f3863206a3f701448c45f7912c6896a62de43add43bb9c86130c3e2 0.0s done
#7 DONE 0.0s

#8 [builder 6/6] RUN npm run build
#8 CACHED

#9 [builder 2/6] WORKDIR /app
#9 CACHED

#10 [builder 4/6] RUN npm ci
#10 CACHED

#11 [builder 5/6] COPY . .
#11 CACHED

#12 [stage-1 2/3] COPY --from=builder /app/dist /usr/share/nginx/html
#12 CACHED

#13 [builder 3/6] COPY package*.json ./
#13 CACHED

#14 [stage-1 3/3] COPY nginx.conf /etc/nginx/conf.d/default.conf
#14 CACHED

#15 exporting to image
#15 exporting layers done
#15 exporting manifest sha256:e5efa555abd7c41217b7318265a9042a09644d8d956c5e305dfc5ac4327d9f2e done
#15 exporting config sha256:d6d28303d886770b40ef0b283db28be1957e48370b7329fc2d5db2a6f41344f3 done
#15 exporting attestation manifest sha256:b5e347958def3be8b11c9c837c8afe25427e2bfe8d8541abeb607560b4feeec9 0.0s done
#15 exporting manifest list sha256:235eba6ce748307d5e506d543a3f07928340a8e4691fe63df6ce260f7004a24a done
#15 naming to docker.io/library/postgram-postgram-ui:latest done
#15 unpacking to docker.io/library/postgram-postgram-ui:latest done
#15 DONE 0.0s
----------------------------------------
Build complete! You can now import
cosmos-compose.json into Cosmos Cloud.
----------------------------------------
Rebuilding MCP Server image...
#0 building with "default" instance using docker driver

#1 [internal] load build definition from Dockerfile
#1 transferring dockerfile: 785B done
#1 DONE 0.0s

#2 [internal] load metadata for docker.io/library/node:22-alpine
#2 DONE 0.2s

#3 [internal] load .dockerignore
#3 transferring context: 2B done
#3 DONE 0.0s

#4 [builder 1/8] FROM docker.io/library/node:22-alpine@sha256:16e22a550f3863206a3f701448c45f7912c6896a62de43add43bb9c86130c3e2
#4 resolve docker.io/library/node:22-alpine@sha256:16e22a550f3863206a3f701448c45f7912c6896a62de43add43bb9c86130c3e2 0.0s done
#4 DONE 0.0s

#5 [internal] load build context
#5 transferring context: 3.11kB done
#5 DONE 0.0s

#6 [builder 2/8] WORKDIR /app
#6 CACHED

#7 [builder 3/8] COPY package.json package-lock.json ./
#7 CACHED

#8 [stage-1 6/8] COPY --from=builder /app/package.json ./
#8 CACHED

#9 [builder 4/8] COPY cli/package.json ./cli/package.json
#9 CACHED

#10 [stage-1 7/8] COPY src/db/migrations ./dist/db/migrations
#10 CACHED

#11 [builder 7/8] COPY src ./src
#11 CACHED

#12 [stage-1 5/8] COPY --from=builder /app/node_modules ./node_modules
#12 CACHED

#13 [builder 8/8] RUN npm run build
#13 CACHED

#14 [builder 6/8] COPY tsconfig.json tsconfig.build.json ./
#14 CACHED

#15 [stage-1 3/8] RUN apk add --no-cache tini
#15 CACHED

#16 [stage-1 4/8] COPY --from=builder /app/dist ./dist
#16 CACHED

#17 [builder 5/8] RUN npm ci
#17 CACHED

#18 [stage-1 8/8] RUN chmod +x /app/dist/cli/admin/pgm-admin.js  && ln -s /app/dist/cli/admin/pgm-admin.js /usr/local/bin/pgm-admin
#18 CACHED

#19 exporting to image
#19 exporting layers done
#19 exporting manifest sha256:df0204622fcac172b1fb73d979812e5fb7032edde6926c1bb3bcbad46dd1775b done
#19 exporting config sha256:0dc28a5c117bf41f0df8e01c117f4346c2d5ab1995cd082cc55996db31d0dc15 done
#19 exporting attestation manifest sha256:3ee1aef0a38e37ab7a24be6424d90a14871611e736b2d7b9b459c6ed17aca085 0.0s done
#19 exporting manifest list sha256:54fb205c0e1da1a98a6a7dedca37d3b5ee61aabe458bc9767130e91d0ce5bf79 done
#19 naming to docker.io/library/postgram-mcp-server:latest done
#19 unpacking to docker.io/library/postgram-mcp-server:latest done
#19 DONE 0.1s
Restarting containers...
 Container postgram-postgres-1 Running 
 Container postgram-ollama-1 Recreate 
 Container postgram-mcp-server-1 Recreate 
 Container postgram-ollama-1 Recreated 
 Container postgram-mcp-server-1 Recreated 
 Container postgram-postgram-ui-1 Recreate 
 Container postgram-postgram-ui-1 Recreated 
 Container postgram-ollama-1 Starting 
 Container postgram-postgres-1 Waiting 
 Container postgram-ollama-1 Started 
 Container postgram-postgres-1 Healthy 
 Container postgram-mcp-server-1 Starting 
 Container postgram-mcp-server-1 Started 
 Container postgram-postgram-ui-1 Starting 
 Container postgram-postgram-ui-1 Started 
=== Update complete ===
=== Checking for updates from upstream repository ===
From https://github.com/Haasie/postgram
 * branch            main       -> FETCH_HEAD
New updates found! Pulling changes...
No local changes to save
From https://github.com/Haasie/postgram
 * branch            main       -> FETCH_HEAD
Already up to date.
No stash entries found.
Warning: Stash pop had conflicts. You may need to resolve them manually in the editor.
Rebuilding UI image...
Building postgram-postgram-ui:latest locally...
#0 building with "default" instance using docker driver

#1 [internal] load build definition from Dockerfile
#1 transferring dockerfile: 271B done
#1 DONE 0.0s

#2 [internal] load metadata for docker.io/library/node:22-alpine
#2 DONE 0.7s

#3 [internal] load metadata for docker.io/library/nginx:alpine
#3 DONE 1.3s

#4 [internal] load .dockerignore
#4 transferring context: 85B done
#4 DONE 0.0s

#5 [internal] load build context
#5 transferring context: 3.87kB done
#5 DONE 0.0s

#6 [builder 1/6] FROM docker.io/library/node:22-alpine@sha256:16e22a550f3863206a3f701448c45f7912c6896a62de43add43bb9c86130c3e2
#6 resolve docker.io/library/node:22-alpine@sha256:16e22a550f3863206a3f701448c45f7912c6896a62de43add43bb9c86130c3e2 0.0s done
#6 DONE 0.0s

#7 [stage-1 1/3] FROM docker.io/library/nginx:alpine@sha256:54f2a904c251d5a34adf545a72d32515a15e08418dae0266e23be2e18c66fefa
#7 resolve docker.io/library/nginx:alpine@sha256:54f2a904c251d5a34adf545a72d32515a15e08418dae0266e23be2e18c66fefa 0.0s done
#7 DONE 0.0s

#8 [builder 3/6] COPY package*.json ./
#8 CACHED

#9 [builder 5/6] COPY . .
#9 CACHED

#10 [builder 2/6] WORKDIR /app
#10 CACHED

#11 [builder 6/6] RUN npm run build
#11 CACHED

#12 [builder 4/6] RUN npm ci
#12 CACHED

#13 [stage-1 2/3] COPY --from=builder /app/dist /usr/share/nginx/html
#13 CACHED

#14 [stage-1 3/3] COPY nginx.conf /etc/nginx/conf.d/default.conf
#14 CACHED

#15 exporting to image
#15 exporting layers done
#15 exporting manifest sha256:e5efa555abd7c41217b7318265a9042a09644d8d956c5e305dfc5ac4327d9f2e done
#15 exporting config sha256:d6d28303d886770b40ef0b283db28be1957e48370b7329fc2d5db2a6f41344f3 done
#15 exporting attestation manifest sha256:192587f89634503b384fb36ec4c5817ca166ed60ffd56b71a15639d039ed5073 0.0s done
#15 exporting manifest list sha256:d58c296532a9c3ed5808118c8ea6a1efb155c08761de00ed6e1b60e18b92b440 done
#15 naming to docker.io/library/postgram-postgram-ui:latest done
#15 unpacking to docker.io/library/postgram-postgram-ui:latest done
#15 DONE 0.1s
----------------------------------------
Build complete! You can now import
cosmos-compose.json into Cosmos Cloud.
----------------------------------------
Rebuilding MCP Server image...
#0 building with "default" instance using docker driver

#1 [internal] load build definition from Dockerfile
#1 transferring dockerfile: 785B done
#1 DONE 0.0s

#2 [internal] load metadata for docker.io/library/node:22-alpine
#2 DONE 0.2s

#3 [internal] load .dockerignore
#3 transferring context: 2B done
#3 DONE 0.0s

#4 [builder 1/8] FROM docker.io/library/node:22-alpine@sha256:16e22a550f3863206a3f701448c45f7912c6896a62de43add43bb9c86130c3e2
#4 resolve docker.io/library/node:22-alpine@sha256:16e22a550f3863206a3f701448c45f7912c6896a62de43add43bb9c86130c3e2 0.0s done
#4 DONE 0.0s

#5 [internal] load build context
#5 transferring context: 3.11kB done
#5 DONE 0.0s

#6 [builder 4/8] COPY cli/package.json ./cli/package.json
#6 CACHED

#7 [builder 6/8] COPY tsconfig.json tsconfig.build.json ./
#7 CACHED

#8 [builder 5/8] RUN npm ci
#8 CACHED

#9 [stage-1 6/8] COPY --from=builder /app/package.json ./
#9 CACHED

#10 [builder 7/8] COPY src ./src
#10 CACHED

#11 [builder 2/8] WORKDIR /app
#11 CACHED

#12 [builder 3/8] COPY package.json package-lock.json ./
#12 CACHED

#13 [builder 8/8] RUN npm run build
#13 CACHED

#14 [stage-1 3/8] RUN apk add --no-cache tini
#14 CACHED

#15 [stage-1 7/8] COPY src/db/migrations ./dist/db/migrations
#15 CACHED

#16 [stage-1 4/8] COPY --from=builder /app/dist ./dist
#16 CACHED

#17 [stage-1 5/8] COPY --from=builder /app/node_modules ./node_modules
#17 CACHED

#18 [stage-1 8/8] RUN chmod +x /app/dist/cli/admin/pgm-admin.js  && ln -s /app/dist/cli/admin/pgm-admin.js /usr/local/bin/pgm-admin
#18 CACHED

#19 exporting to image
#19 exporting layers done
#19 exporting manifest sha256:df0204622fcac172b1fb73d979812e5fb7032edde6926c1bb3bcbad46dd1775b done
#19 exporting config sha256:0dc28a5c117bf41f0df8e01c117f4346c2d5ab1995cd082cc55996db31d0dc15 done
#19 exporting attestation manifest sha256:8f8e249b30f9f9b45665b0b239eacc9952ab69e6f5a18741bca7ead1c0ca15ac 0.0s done
#19 exporting manifest list sha256:8d618e3ddc0bbc14b649dc5ab5cb2351e32bc6dd7e4e3c2e6d99a732fbc0c746 done
#19 naming to docker.io/library/postgram-mcp-server:latest done
#19 unpacking to docker.io/library/postgram-mcp-server:latest done
#19 DONE 0.1s
Restarting containers...
 Container postgram-ollama-1 Running 
 Container postgram-postgres-1 Running 
 Container postgram-mcp-server-1 Recreate 
 Container postgram-mcp-server-1 Recreated 
 Container postgram-postgram-ui-1 Recreate 
 Container postgram-postgram-ui-1 Recreated 
 Container postgram-postgres-1 Waiting 
 Container postgram-postgres-1 Healthy 
 Container postgram-mcp-server-1 Starting 
 Container postgram-mcp-server-1 Started 
 Container postgram-postgram-ui-1 Starting 
 Container postgram-postgram-ui-1 Started 
=== Update complete ===
=== Checking for updates from upstream repository ===
From https://github.com/Haasie/postgram
 * branch            main       -> FETCH_HEAD
New updates found! Pulling changes...
No local changes to save
From https://github.com/Haasie/postgram
 * branch            main       -> FETCH_HEAD
Already up to date.
No stash entries found.
Warning: Stash pop had conflicts. You may need to resolve them manually in the editor.
Rebuilding UI image...
Building postgram-postgram-ui:latest locally...
#0 building with "default" instance using docker driver

#1 [internal] load build definition from Dockerfile
#1 transferring dockerfile: 271B done
#1 DONE 0.0s

#2 [internal] load metadata for docker.io/library/node:22-alpine
#2 DONE 0.7s

#3 [internal] load metadata for docker.io/library/nginx:alpine
#3 DONE 1.1s

#4 [internal] load .dockerignore
#4 transferring context: 85B done
#4 DONE 0.0s

#5 [internal] load build context
#5 transferring context: 3.87kB done
#5 DONE 0.0s

#6 [stage-1 1/3] FROM docker.io/library/nginx:alpine@sha256:54f2a904c251d5a34adf545a72d32515a15e08418dae0266e23be2e18c66fefa
#6 resolve docker.io/library/nginx:alpine@sha256:54f2a904c251d5a34adf545a72d32515a15e08418dae0266e23be2e18c66fefa 0.0s done
#6 DONE 0.0s

#7 [builder 1/6] FROM docker.io/library/node:22-alpine@sha256:16e22a550f3863206a3f701448c45f7912c6896a62de43add43bb9c86130c3e2
#7 resolve docker.io/library/node:22-alpine@sha256:16e22a550f3863206a3f701448c45f7912c6896a62de43add43bb9c86130c3e2 0.0s done
#7 DONE 0.0s

#8 [builder 4/6] RUN npm ci
#8 CACHED

#9 [stage-1 2/3] COPY --from=builder /app/dist /usr/share/nginx/html
#9 CACHED

#10 [builder 2/6] WORKDIR /app
#10 CACHED

#11 [builder 3/6] COPY package*.json ./
#11 CACHED

#12 [builder 5/6] COPY . .
#12 CACHED

#13 [builder 6/6] RUN npm run build
#13 CACHED

#14 [stage-1 3/3] COPY nginx.conf /etc/nginx/conf.d/default.conf
#14 CACHED

#15 exporting to image
#15 exporting layers done
#15 exporting manifest sha256:e5efa555abd7c41217b7318265a9042a09644d8d956c5e305dfc5ac4327d9f2e done
#15 exporting config sha256:d6d28303d886770b40ef0b283db28be1957e48370b7329fc2d5db2a6f41344f3 done
#15 exporting attestation manifest sha256:5080329d075cb18efff899b709a6590cf0e1f95ff83957ef676e5e24e9ce8d42 0.0s done
#15 exporting manifest list sha256:44be8b29dbc4e37e3e1c5fa5967b163ed5e05bb382736f84593966ad0fe42ae5 done
#15 naming to docker.io/library/postgram-postgram-ui:latest done
#15 unpacking to docker.io/library/postgram-postgram-ui:latest done
#15 DONE 0.1s
----------------------------------------
Build complete! You can now import
cosmos-compose.json into Cosmos Cloud.
----------------------------------------
Rebuilding MCP Server image...
#0 building with "default" instance using docker driver

#1 [internal] load build definition from Dockerfile
#1 transferring dockerfile: 785B done
#1 DONE 0.0s

#2 [internal] load metadata for docker.io/library/node:22-alpine
#2 DONE 0.2s

#3 [internal] load .dockerignore
#3 transferring context: 2B done
#3 DONE 0.0s

#4 [builder 1/8] FROM docker.io/library/node:22-alpine@sha256:16e22a550f3863206a3f701448c45f7912c6896a62de43add43bb9c86130c3e2
#4 resolve docker.io/library/node:22-alpine@sha256:16e22a550f3863206a3f701448c45f7912c6896a62de43add43bb9c86130c3e2 0.0s done
#4 DONE 0.0s

#5 [internal] load build context
#5 transferring context: 3.11kB done
#5 DONE 0.0s

#6 [builder 3/8] COPY package.json package-lock.json ./
#6 CACHED

#7 [builder 8/8] RUN npm run build
#7 CACHED

#8 [stage-1 3/8] RUN apk add --no-cache tini
#8 CACHED

#9 [stage-1 5/8] COPY --from=builder /app/node_modules ./node_modules
#9 CACHED

#10 [builder 2/8] WORKDIR /app
#10 CACHED

#11 [builder 4/8] COPY cli/package.json ./cli/package.json
#11 CACHED

#12 [stage-1 6/8] COPY --from=builder /app/package.json ./
#12 CACHED

#13 [stage-1 7/8] COPY src/db/migrations ./dist/db/migrations
#13 CACHED

#14 [builder 6/8] COPY tsconfig.json tsconfig.build.json ./
#14 CACHED

#15 [builder 7/8] COPY src ./src
#15 CACHED

#16 [stage-1 4/8] COPY --from=builder /app/dist ./dist
#16 CACHED

#17 [builder 5/8] RUN npm ci
#17 CACHED

#18 [stage-1 8/8] RUN chmod +x /app/dist/cli/admin/pgm-admin.js  && ln -s /app/dist/cli/admin/pgm-admin.js /usr/local/bin/pgm-admin
#18 CACHED

#19 exporting to image
#19 exporting layers done
#19 exporting manifest sha256:df0204622fcac172b1fb73d979812e5fb7032edde6926c1bb3bcbad46dd1775b done
#19 exporting config sha256:0dc28a5c117bf41f0df8e01c117f4346c2d5ab1995cd082cc55996db31d0dc15 done
#19 exporting attestation manifest sha256:e01a4d108e1191177c6e06fb3fe6a94fafaf5271ba0391356522b7d77be87d75 0.0s done
#19 exporting manifest list sha256:c4bb1fa1536e4dfbe4e7fc1d4c92c5fb7d04f579b0f0c260d856746997bbcfef done
#19 naming to docker.io/library/postgram-mcp-server:latest done
#19 unpacking to docker.io/library/postgram-mcp-server:latest done
#19 DONE 0.1s
Restarting containers...
 Container postgram-ollama-1 Running 
 Container postgram-postgres-1 Running 
 Container postgram-mcp-server-1 Recreate 
 Container postgram-mcp-server-1 Recreated 
 Container postgram-postgram-ui-1 Recreate 
 Container postgram-postgram-ui-1 Recreated 
 Container postgram-postgres-1 Waiting 
 Container postgram-postgres-1 Healthy 
 Container postgram-mcp-server-1 Starting 
 Container postgram-mcp-server-1 Started 
 Container postgram-postgram-ui-1 Starting 
 Container postgram-postgram-ui-1 Started 
=== Update complete ===
=== Checking for updates from upstream repository ===
From https://github.com/Haasie/postgram
 * branch            main       -> FETCH_HEAD
New updates found! Pulling changes...
No local changes to save
From https://github.com/Haasie/postgram
 * branch            main       -> FETCH_HEAD
Already up to date.
No stash entries found.
Warning: Stash pop had conflicts. You may need to resolve them manually in the editor.
Rebuilding UI image...
Building postgram-postgram-ui:latest locally...
#0 building with "default" instance using docker driver

#1 [internal] load build definition from Dockerfile
#1 transferring dockerfile: 271B done
#1 DONE 0.0s

#2 [internal] load metadata for docker.io/library/node:22-alpine
#2 DONE 0.8s

#3 [internal] load metadata for docker.io/library/nginx:alpine
#3 DONE 0.9s

#4 [internal] load .dockerignore
#4 transferring context: 85B done
#4 DONE 0.0s

#5 [internal] load build context
#5 transferring context: 3.87kB done
#5 DONE 0.0s

#6 [builder 1/6] FROM docker.io/library/node:22-alpine@sha256:16e22a550f3863206a3f701448c45f7912c6896a62de43add43bb9c86130c3e2
#6 resolve docker.io/library/node:22-alpine@sha256:16e22a550f3863206a3f701448c45f7912c6896a62de43add43bb9c86130c3e2 0.0s done
#6 DONE 0.0s

#7 [stage-1 1/3] FROM docker.io/library/nginx:alpine@sha256:54f2a904c251d5a34adf545a72d32515a15e08418dae0266e23be2e18c66fefa
#7 resolve docker.io/library/nginx:alpine@sha256:54f2a904c251d5a34adf545a72d32515a15e08418dae0266e23be2e18c66fefa 0.0s done
#7 DONE 0.0s

#8 [builder 2/6] WORKDIR /app
#8 CACHED

#9 [builder 4/6] RUN npm ci
#9 CACHED

#10 [builder 5/6] COPY . .
#10 CACHED

#11 [builder 3/6] COPY package*.json ./
#11 CACHED

#12 [builder 6/6] RUN npm run build
#12 CACHED

#13 [stage-1 2/3] COPY --from=builder /app/dist /usr/share/nginx/html
#13 CACHED

#14 [stage-1 3/3] COPY nginx.conf /etc/nginx/conf.d/default.conf
#14 CACHED

#15 exporting to image
#15 exporting layers done
#15 exporting manifest sha256:e5efa555abd7c41217b7318265a9042a09644d8d956c5e305dfc5ac4327d9f2e done
#15 exporting config sha256:d6d28303d886770b40ef0b283db28be1957e48370b7329fc2d5db2a6f41344f3 done
#15 exporting attestation manifest sha256:8ef91507cbec410aaca113cd694ff65f09a3b8cb48ff1fce5da527b3d0c3fe13 0.0s done
#15 exporting manifest list sha256:cc195cd1dc3d0b22239995cef6824f07d90fe8e9c065d73ab3dc52f11632bace done
#15 naming to docker.io/library/postgram-postgram-ui:latest done
#15 unpacking to docker.io/library/postgram-postgram-ui:latest done
#15 DONE 0.0s
----------------------------------------
Build complete! You can now import
cosmos-compose.json into Cosmos Cloud.
----------------------------------------
Rebuilding MCP Server image...
#0 building with "default" instance using docker driver

#1 [internal] load build definition from Dockerfile
#1 transferring dockerfile: 785B done
#1 DONE 0.0s

#2 [internal] load metadata for docker.io/library/node:22-alpine
#2 DONE 0.2s

#3 [internal] load .dockerignore
#3 transferring context: 2B done
#3 DONE 0.0s

#4 [builder 1/8] FROM docker.io/library/node:22-alpine@sha256:16e22a550f3863206a3f701448c45f7912c6896a62de43add43bb9c86130c3e2
#4 resolve docker.io/library/node:22-alpine@sha256:16e22a550f3863206a3f701448c45f7912c6896a62de43add43bb9c86130c3e2 0.0s done
#4 DONE 0.0s

#5 [internal] load build context
#5 transferring context: 3.11kB done
#5 DONE 0.0s

#6 [builder 6/8] COPY tsconfig.json tsconfig.build.json ./
#6 CACHED

#7 [builder 4/8] COPY cli/package.json ./cli/package.json
#7 CACHED

#8 [builder 2/8] WORKDIR /app
#8 CACHED

#9 [builder 7/8] COPY src ./src
#9 CACHED

#10 [builder 8/8] RUN npm run build
#10 CACHED

#11 [builder 5/8] RUN npm ci
#11 CACHED

#12 [stage-1 5/8] COPY --from=builder /app/node_modules ./node_modules
#12 CACHED

#13 [stage-1 6/8] COPY --from=builder /app/package.json ./
#13 CACHED

#14 [stage-1 3/8] RUN apk add --no-cache tini
#14 CACHED

#15 [builder 3/8] COPY package.json package-lock.json ./
#15 CACHED

#16 [stage-1 7/8] COPY src/db/migrations ./dist/db/migrations
#16 CACHED

#17 [stage-1 4/8] COPY --from=builder /app/dist ./dist
#17 CACHED

#18 [stage-1 8/8] RUN chmod +x /app/dist/cli/admin/pgm-admin.js  && ln -s /app/dist/cli/admin/pgm-admin.js /usr/local/bin/pgm-admin
#18 CACHED

#19 exporting to image
#19 exporting layers done
#19 exporting manifest sha256:df0204622fcac172b1fb73d979812e5fb7032edde6926c1bb3bcbad46dd1775b done
#19 exporting config sha256:0dc28a5c117bf41f0df8e01c117f4346c2d5ab1995cd082cc55996db31d0dc15 done
#19 exporting attestation manifest sha256:93095352ca7d22e9c1a8d55134717b35f413474146346d70202d02b8c03c2d48 0.0s done
#19 exporting manifest list sha256:8d03731ac69cf3c585ccb4d347f9c9aa8cec7669c0177d85c715eccfe4b52cb1 done
#19 naming to docker.io/library/postgram-mcp-server:latest done
#19 unpacking to docker.io/library/postgram-mcp-server:latest done
#19 DONE 0.1s
Restarting containers...
 Container postgram-postgres-1 Running 
 Container postgram-ollama-1 Running 
 Container postgram-mcp-server-1 Recreate 
 Container postgram-mcp-server-1 Recreated 
 Container postgram-postgram-ui-1 Recreate 
 Container postgram-postgram-ui-1 Recreated 
 Container postgram-postgres-1 Waiting 
 Container postgram-postgres-1 Healthy 
 Container postgram-mcp-server-1 Starting 
 Container postgram-mcp-server-1 Started 
 Container postgram-postgram-ui-1 Starting 
 Container postgram-postgram-ui-1 Started 
=== Update complete ===
=== Checking for updates from upstream repository ===
From https://github.com/Haasie/postgram
 * branch            main       -> FETCH_HEAD
New updates found! Pulling changes...
No local changes to save
From https://github.com/Haasie/postgram
 * branch            main       -> FETCH_HEAD
Already up to date.
No stash entries found.
Warning: Stash pop had conflicts. You may need to resolve them manually in the editor.
Rebuilding UI image...
Building postgram-postgram-ui:latest locally...
#0 building with "default" instance using docker driver

#1 [internal] load build definition from Dockerfile
#1 transferring dockerfile: 271B done
#1 DONE 0.0s

#2 [internal] load metadata for docker.io/library/node:22-alpine
#2 ...

#3 [internal] load metadata for docker.io/library/nginx:alpine
#3 DONE 1.4s

#2 [internal] load metadata for docker.io/library/node:22-alpine
#2 DONE 1.6s

#4 [internal] load .dockerignore
#4 transferring context: 85B done
#4 DONE 0.0s

#5 [internal] load build context
#5 transferring context: 3.87kB done
#5 DONE 0.0s

#6 [builder 1/6] FROM docker.io/library/node:22-alpine@sha256:16e22a550f3863206a3f701448c45f7912c6896a62de43add43bb9c86130c3e2
#6 resolve docker.io/library/node:22-alpine@sha256:16e22a550f3863206a3f701448c45f7912c6896a62de43add43bb9c86130c3e2 0.0s done
#6 DONE 0.0s

#7 [stage-1 1/3] FROM docker.io/library/nginx:alpine@sha256:54f2a904c251d5a34adf545a72d32515a15e08418dae0266e23be2e18c66fefa
#7 resolve docker.io/library/nginx:alpine@sha256:54f2a904c251d5a34adf545a72d32515a15e08418dae0266e23be2e18c66fefa 0.0s done
#7 DONE 0.0s

#8 [builder 5/6] COPY . .
#8 CACHED

#9 [builder 6/6] RUN npm run build
#9 CACHED

#10 [builder 3/6] COPY package*.json ./
#10 CACHED

#11 [stage-1 2/3] COPY --from=builder /app/dist /usr/share/nginx/html
#11 CACHED

#12 [builder 4/6] RUN npm ci
#12 CACHED

#13 [builder 2/6] WORKDIR /app
#13 CACHED

#14 [stage-1 3/3] COPY nginx.conf /etc/nginx/conf.d/default.conf
#14 CACHED

#15 exporting to image
#15 exporting layers done
#15 exporting manifest sha256:e5efa555abd7c41217b7318265a9042a09644d8d956c5e305dfc5ac4327d9f2e done
#15 exporting config sha256:d6d28303d886770b40ef0b283db28be1957e48370b7329fc2d5db2a6f41344f3 done
#15 exporting attestation manifest sha256:46896a8ad1368f3859c439555c454993376b07127e0db0ac8a109ed85a09ccfe 0.0s done
#15 exporting manifest list sha256:fbf4e4c96f95827602e65225d9534615f55d4ef190e147a3948aec41b5a5a870 done
#15 naming to docker.io/library/postgram-postgram-ui:latest done
#15 unpacking to docker.io/library/postgram-postgram-ui:latest done
#15 DONE 0.0s
----------------------------------------
Build complete! You can now import
cosmos-compose.json into Cosmos Cloud.
----------------------------------------
Rebuilding MCP Server image...
#0 building with "default" instance using docker driver

#1 [internal] load build definition from Dockerfile
#1 transferring dockerfile: 785B done
#1 DONE 0.0s

#2 [internal] load metadata for docker.io/library/node:22-alpine
#2 DONE 0.8s

#3 [internal] load .dockerignore
#3 transferring context: 2B done
#3 DONE 0.0s

#4 [builder 1/8] FROM docker.io/library/node:22-alpine@sha256:16e22a550f3863206a3f701448c45f7912c6896a62de43add43bb9c86130c3e2
#4 resolve docker.io/library/node:22-alpine@sha256:16e22a550f3863206a3f701448c45f7912c6896a62de43add43bb9c86130c3e2 0.0s done
#4 DONE 0.0s

#5 [internal] load build context
#5 transferring context: 3.11kB done
#5 DONE 0.0s

#6 [stage-1 4/8] COPY --from=builder /app/dist ./dist
#6 CACHED

#7 [builder 7/8] COPY src ./src
#7 CACHED

#8 [builder 3/8] COPY package.json package-lock.json ./
#8 CACHED

#9 [builder 6/8] COPY tsconfig.json tsconfig.build.json ./
#9 CACHED

#10 [builder 4/8] COPY cli/package.json ./cli/package.json
#10 CACHED

#11 [stage-1 5/8] COPY --from=builder /app/node_modules ./node_modules
#11 CACHED

#12 [builder 5/8] RUN npm ci
#12 CACHED

#13 [builder 8/8] RUN npm run build
#13 CACHED

#14 [stage-1 3/8] RUN apk add --no-cache tini
#14 CACHED

#15 [stage-1 7/8] COPY src/db/migrations ./dist/db/migrations
#15 CACHED

#16 [stage-1 6/8] COPY --from=builder /app/package.json ./
#16 CACHED

#17 [builder 2/8] WORKDIR /app
#17 CACHED

#18 [stage-1 8/8] RUN chmod +x /app/dist/cli/admin/pgm-admin.js  && ln -s /app/dist/cli/admin/pgm-admin.js /usr/local/bin/pgm-admin
#18 CACHED

#19 exporting to image
#19 exporting layers done
#19 exporting manifest sha256:df0204622fcac172b1fb73d979812e5fb7032edde6926c1bb3bcbad46dd1775b done
#19 exporting config sha256:0dc28a5c117bf41f0df8e01c117f4346c2d5ab1995cd082cc55996db31d0dc15 done
#19 exporting attestation manifest sha256:cf4872f96b3f80bf91f41de19ce14ef9f2c74bef0420d81d79070d5d25515d8e 0.0s done
#19 exporting manifest list sha256:1d722fbdf15eda8bd9b3875dc3eebf1ba305b83fd432a55bb3fa94d829cfd44d done
#19 naming to docker.io/library/postgram-mcp-server:latest done
#19 unpacking to docker.io/library/postgram-mcp-server:latest done
#19 DONE 0.1s
Restarting containers...
 Container postgram-postgres-1 Running 
 Container postgram-ollama-1 Running 
 Container postgram-mcp-server-1 Recreate 
 Container postgram-mcp-server-1 Recreated 
 Container postgram-postgram-ui-1 Recreate 
 Container postgram-postgram-ui-1 Recreated 
 Container postgram-postgres-1 Waiting 
 Container postgram-postgres-1 Healthy 
 Container postgram-mcp-server-1 Starting 
 Container postgram-mcp-server-1 Started 
 Container postgram-postgram-ui-1 Starting 
 Container postgram-postgram-ui-1 Started 
=== Update complete ===
=== Checking for updates from upstream repository ===
From https://github.com/Haasie/postgram
 * branch            main       -> FETCH_HEAD
New updates found! Pulling changes...
No local changes to save
From https://github.com/Haasie/postgram
 * branch            main       -> FETCH_HEAD
Already up to date.
No stash entries found.
Warning: Stash pop had conflicts. You may need to resolve them manually in the editor.
Rebuilding UI image...
Building postgram-postgram-ui:latest locally...
#0 building with "default" instance using docker driver

#1 [internal] load build definition from Dockerfile
#1 transferring dockerfile: 271B done
#1 DONE 0.0s

#2 [internal] load metadata for docker.io/library/node:22-alpine
#2 DONE 0.7s

#3 [internal] load metadata for docker.io/library/nginx:alpine
#3 DONE 5.9s

#4 [internal] load .dockerignore
#4 transferring context: 85B done
#4 DONE 0.0s

#5 [internal] load build context
#5 transferring context: 3.87kB done
#5 DONE 0.0s

#6 [stage-1 1/3] FROM docker.io/library/nginx:alpine@sha256:54f2a904c251d5a34adf545a72d32515a15e08418dae0266e23be2e18c66fefa
#6 resolve docker.io/library/nginx:alpine@sha256:54f2a904c251d5a34adf545a72d32515a15e08418dae0266e23be2e18c66fefa 0.0s done
#6 DONE 0.0s

#7 [builder 1/6] FROM docker.io/library/node:22-alpine@sha256:16e22a550f3863206a3f701448c45f7912c6896a62de43add43bb9c86130c3e2
#7 resolve docker.io/library/node:22-alpine@sha256:16e22a550f3863206a3f701448c45f7912c6896a62de43add43bb9c86130c3e2 0.0s done
#7 DONE 0.0s

#8 [builder 4/6] RUN npm ci
#8 CACHED

#9 [builder 5/6] COPY . .
#9 CACHED

#10 [builder 3/6] COPY package*.json ./
#10 CACHED

#11 [builder 6/6] RUN npm run build
#11 CACHED

#12 [stage-1 2/3] COPY --from=builder /app/dist /usr/share/nginx/html
#12 CACHED

#13 [builder 2/6] WORKDIR /app
#13 CACHED

#14 [stage-1 3/3] COPY nginx.conf /etc/nginx/conf.d/default.conf
#14 CACHED

#15 exporting to image
#15 exporting layers done
#15 exporting manifest sha256:e5efa555abd7c41217b7318265a9042a09644d8d956c5e305dfc5ac4327d9f2e done
#15 exporting config sha256:d6d28303d886770b40ef0b283db28be1957e48370b7329fc2d5db2a6f41344f3 done
#15 exporting attestation manifest sha256:bd27a4a968327312c6ab5893c13e398f88d661df4fa9a93f9a8d8d1a2378bf49 0.0s done
#15 exporting manifest list sha256:cdee4948a7642ea6f1b5635386dc4428654f320437ab84e5dfffbbf158c139c6 done
#15 naming to docker.io/library/postgram-postgram-ui:latest done
#15 unpacking to docker.io/library/postgram-postgram-ui:latest done
#15 DONE 0.0s
----------------------------------------
Build complete! You can now import
cosmos-compose.json into Cosmos Cloud.
----------------------------------------
Rebuilding MCP Server image...
#0 building with "default" instance using docker driver

#1 [internal] load build definition from Dockerfile
#1 transferring dockerfile: 785B done
#1 DONE 0.0s

#2 [internal] load metadata for docker.io/library/node:22-alpine
#2 DONE 0.2s

#3 [internal] load .dockerignore
#3 transferring context: 2B done
#3 DONE 0.0s

#4 [builder 1/8] FROM docker.io/library/node:22-alpine@sha256:16e22a550f3863206a3f701448c45f7912c6896a62de43add43bb9c86130c3e2
#4 resolve docker.io/library/node:22-alpine@sha256:16e22a550f3863206a3f701448c45f7912c6896a62de43add43bb9c86130c3e2 0.0s done
#4 DONE 0.0s

#5 [internal] load build context
#5 transferring context: 3.11kB done
#5 DONE 0.0s

#6 [builder 8/8] RUN npm run build
#6 CACHED

#7 [builder 4/8] COPY cli/package.json ./cli/package.json
#7 CACHED

#8 [builder 5/8] RUN npm ci
#8 CACHED

#9 [builder 7/8] COPY src ./src
#9 CACHED

#10 [stage-1 6/8] COPY --from=builder /app/package.json ./
#10 CACHED

#11 [stage-1 3/8] RUN apk add --no-cache tini
#11 CACHED

#12 [builder 6/8] COPY tsconfig.json tsconfig.build.json ./
#12 CACHED

#13 [stage-1 5/8] COPY --from=builder /app/node_modules ./node_modules
#13 CACHED

#14 [stage-1 7/8] COPY src/db/migrations ./dist/db/migrations
#14 CACHED

#15 [builder 2/8] WORKDIR /app
#15 CACHED

#16 [stage-1 4/8] COPY --from=builder /app/dist ./dist
#16 CACHED

#17 [builder 3/8] COPY package.json package-lock.json ./
#17 CACHED

#18 [stage-1 8/8] RUN chmod +x /app/dist/cli/admin/pgm-admin.js  && ln -s /app/dist/cli/admin/pgm-admin.js /usr/local/bin/pgm-admin
#18 CACHED

#19 exporting to image
#19 exporting layers done
#19 exporting manifest sha256:df0204622fcac172b1fb73d979812e5fb7032edde6926c1bb3bcbad46dd1775b done
#19 exporting config sha256:0dc28a5c117bf41f0df8e01c117f4346c2d5ab1995cd082cc55996db31d0dc15 done
#19 exporting attestation manifest sha256:cab929045d7986235c258accdd13e76dc5c138ca8128a45324ce45f32f4722b1 0.0s done
#19 exporting manifest list sha256:1dbcb36ece66f7fa39c3bb403cf5e21d71c4ad7b97b23f078ba63d0eff809656 done
#19 naming to docker.io/library/postgram-mcp-server:latest done
#19 unpacking to docker.io/library/postgram-mcp-server:latest done
#19 DONE 0.1s
Restarting containers...
 Container postgram-postgres-1 Running 
 Container postgram-ollama-1 Running 
 Container postgram-mcp-server-1 Recreate 
 Container postgram-mcp-server-1 Recreated 
 Container postgram-postgram-ui-1 Recreate 
 Container postgram-postgram-ui-1 Recreated 
 Container postgram-postgres-1 Waiting 
 Container postgram-postgres-1 Healthy 
 Container postgram-mcp-server-1 Starting 
 Container postgram-mcp-server-1 Started 
 Container postgram-postgram-ui-1 Starting 
 Container postgram-postgram-ui-1 Started 
=== Update complete ===
=== Checking for updates from upstream repository ===
From https://github.com/Haasie/postgram
 * branch            main       -> FETCH_HEAD
New updates found! Pulling changes...
No local changes to save
From https://github.com/Haasie/postgram
 * branch            main       -> FETCH_HEAD
Already up to date.
No stash entries found.
Warning: Stash pop had conflicts. You may need to resolve them manually in the editor.
Rebuilding UI image...
Building postgram-postgram-ui:latest locally...
#0 building with "default" instance using docker driver

#1 [internal] load build definition from Dockerfile
#1 transferring dockerfile: 271B done
#1 DONE 0.0s

#2 [internal] load metadata for docker.io/library/nginx:alpine
#2 ...

#3 [internal] load metadata for docker.io/library/node:22-alpine
#3 DONE 0.8s

#2 [internal] load metadata for docker.io/library/nginx:alpine
#2 DONE 1.0s

#4 [internal] load .dockerignore
#4 transferring context: 85B done
#4 DONE 0.0s

#5 [internal] load build context
#5 transferring context: 3.87kB done
#5 DONE 0.0s

#6 [stage-1 1/3] FROM docker.io/library/nginx:alpine@sha256:54f2a904c251d5a34adf545a72d32515a15e08418dae0266e23be2e18c66fefa
#6 resolve docker.io/library/nginx:alpine@sha256:54f2a904c251d5a34adf545a72d32515a15e08418dae0266e23be2e18c66fefa 0.0s done
#6 DONE 0.0s

#7 [builder 1/6] FROM docker.io/library/node:22-alpine@sha256:16e22a550f3863206a3f701448c45f7912c6896a62de43add43bb9c86130c3e2
#7 resolve docker.io/library/node:22-alpine@sha256:16e22a550f3863206a3f701448c45f7912c6896a62de43add43bb9c86130c3e2 0.0s done
#7 DONE 0.0s

#8 [builder 5/6] COPY . .
#8 CACHED

#9 [builder 2/6] WORKDIR /app
#9 CACHED

#10 [builder 4/6] RUN npm ci
#10 CACHED

#11 [builder 6/6] RUN npm run build
#11 CACHED

#12 [stage-1 2/3] COPY --from=builder /app/dist /usr/share/nginx/html
#12 CACHED

#13 [builder 3/6] COPY package*.json ./
#13 CACHED

#14 [stage-1 3/3] COPY nginx.conf /etc/nginx/conf.d/default.conf
#14 CACHED

#15 exporting to image
#15 exporting layers done
#15 exporting manifest sha256:e5efa555abd7c41217b7318265a9042a09644d8d956c5e305dfc5ac4327d9f2e done
#15 exporting config sha256:d6d28303d886770b40ef0b283db28be1957e48370b7329fc2d5db2a6f41344f3 done
#15 exporting attestation manifest sha256:9877aff9f36833ef8ec16f215071f845dffc38e47aedf85b74047aa05096bf90 0.0s done
#15 exporting manifest list sha256:2170996a35f4aaa7871b2376f268eb65ae2c3e510c7a38016744266b68268e09 done
#15 naming to docker.io/library/postgram-postgram-ui:latest done
#15 unpacking to docker.io/library/postgram-postgram-ui:latest done
#15 DONE 0.1s
----------------------------------------
Build complete! You can now import
cosmos-compose.json into Cosmos Cloud.
----------------------------------------
Rebuilding MCP Server image...
#0 building with "default" instance using docker driver

#1 [internal] load build definition from Dockerfile
#1 transferring dockerfile: 785B done
#1 DONE 0.0s

#2 [internal] load metadata for docker.io/library/node:22-alpine
#2 DONE 0.2s

#3 [internal] load .dockerignore
#3 transferring context: 2B done
#3 DONE 0.0s

#4 [builder 1/8] FROM docker.io/library/node:22-alpine@sha256:16e22a550f3863206a3f701448c45f7912c6896a62de43add43bb9c86130c3e2
#4 resolve docker.io/library/node:22-alpine@sha256:16e22a550f3863206a3f701448c45f7912c6896a62de43add43bb9c86130c3e2 0.0s done
#4 DONE 0.0s

#5 [internal] load build context
#5 transferring context: 3.11kB done
#5 DONE 0.0s

#6 [builder 5/8] RUN npm ci
#6 CACHED

#7 [builder 8/8] RUN npm run build
#7 CACHED

#8 [stage-1 5/8] COPY --from=builder /app/node_modules ./node_modules
#8 CACHED

#9 [stage-1 7/8] COPY src/db/migrations ./dist/db/migrations
#9 CACHED

#10 [builder 7/8] COPY src ./src
#10 CACHED

#11 [stage-1 4/8] COPY --from=builder /app/dist ./dist
#11 CACHED

#12 [builder 3/8] COPY package.json package-lock.json ./
#12 CACHED

#13 [builder 2/8] WORKDIR /app
#13 CACHED

#14 [stage-1 3/8] RUN apk add --no-cache tini
#14 CACHED

#15 [stage-1 6/8] COPY --from=builder /app/package.json ./
#15 CACHED

#16 [builder 4/8] COPY cli/package.json ./cli/package.json
#16 CACHED

#17 [builder 6/8] COPY tsconfig.json tsconfig.build.json ./
#17 CACHED

#18 [stage-1 8/8] RUN chmod +x /app/dist/cli/admin/pgm-admin.js  && ln -s /app/dist/cli/admin/pgm-admin.js /usr/local/bin/pgm-admin
#18 CACHED

#19 exporting to image
#19 exporting layers done
#19 exporting manifest sha256:df0204622fcac172b1fb73d979812e5fb7032edde6926c1bb3bcbad46dd1775b done
#19 exporting config sha256:0dc28a5c117bf41f0df8e01c117f4346c2d5ab1995cd082cc55996db31d0dc15 done
#19 exporting attestation manifest sha256:5c93ea674efe5fab4bd9f2f6910292d934740b2e6a0b4f4c749447727c082d95 0.0s done
#19 exporting manifest list sha256:8a30e92440531e930a8d063b8c7d64549d13770b8f596c53773fe2c2e6242ea1 done
#19 naming to docker.io/library/postgram-mcp-server:latest done
#19 unpacking to docker.io/library/postgram-mcp-server:latest done
#19 DONE 0.0s
Restarting containers...
 Container postgram-postgres-1 Running 
 Container postgram-ollama-1 Running 
 Container postgram-mcp-server-1 Recreate 
 Container postgram-mcp-server-1 Recreated 
 Container postgram-postgram-ui-1 Recreate 
 Container postgram-postgram-ui-1 Recreated 
 Container postgram-postgres-1 Waiting 
 Container postgram-postgres-1 Healthy 
 Container postgram-mcp-server-1 Starting 
 Container postgram-mcp-server-1 Started 
 Container postgram-postgram-ui-1 Starting 
 Container postgram-postgram-ui-1 Started 
=== Update complete ===
=== Checking for updates from upstream repository ===
From https://github.com/Haasie/postgram
 * branch            main       -> FETCH_HEAD
New updates found! Pulling changes...
Saved working directory and index state WIP on feat/mistral-models-and-rate-limit-fixes: eca9d9b fix: immediately return on rate limit in runOnce and support rate limit backoff config
From https://github.com/Haasie/postgram
 * branch            main       -> FETCH_HEAD
Already up to date.
On branch feat/mistral-models-and-rate-limit-fixes
Your branch is up to date with 'origin/feat/mistral-models-and-rate-limit-fixes'.

Changes not staged for commit:
  (use "git add <file>..." to update what will be committed)
  (use "git restore <file>..." to discard changes in working directory)
	modified:   src/services/embeddings/providers.ts
	modified:   src/services/enrichment-worker.ts

Untracked files:
  (use "git add <file>..." to include in what will be committed)
	COSMOS_SETUP.md
	build-ui.sh
	cosmos-compose.json
	postgram-groom.log
	postgram-groom.sh
	update.log
	update.sh

no changes added to commit (use "git add" and/or "git commit -a")
Dropped refs/stash@{0} (eba382653cdfdfaf33c37ae0718af05ecf36bff9)
Successfully reapplied local modifications.
Rebuilding UI image...
Building postgram-postgram-ui:latest locally...
#0 building with "default" instance using docker driver

#1 [internal] load build definition from Dockerfile
#1 transferring dockerfile: 271B done
#1 DONE 0.0s

#2 [internal] load metadata for docker.io/library/node:22-alpine
#2 ...

#3 [internal] load metadata for docker.io/library/nginx:alpine
#3 DONE 1.1s

#2 [internal] load metadata for docker.io/library/node:22-alpine
#2 DONE 5.4s

#4 [internal] load .dockerignore
#4 transferring context: 85B done
#4 DONE 0.0s

#5 [internal] load build context
#5 transferring context: 3.87kB done
#5 DONE 0.0s

#6 [builder 1/6] FROM docker.io/library/node:22-alpine@sha256:16e22a550f3863206a3f701448c45f7912c6896a62de43add43bb9c86130c3e2
#6 resolve docker.io/library/node:22-alpine@sha256:16e22a550f3863206a3f701448c45f7912c6896a62de43add43bb9c86130c3e2 0.0s done
#6 DONE 0.0s

#7 [stage-1 1/3] FROM docker.io/library/nginx:alpine@sha256:54f2a904c251d5a34adf545a72d32515a15e08418dae0266e23be2e18c66fefa
#7 resolve docker.io/library/nginx:alpine@sha256:54f2a904c251d5a34adf545a72d32515a15e08418dae0266e23be2e18c66fefa 0.0s done
#7 DONE 0.0s

#8 [builder 6/6] RUN npm run build
#8 CACHED

#9 [stage-1 2/3] COPY --from=builder /app/dist /usr/share/nginx/html
#9 CACHED

#10 [builder 2/6] WORKDIR /app
#10 CACHED

#11 [builder 4/6] RUN npm ci
#11 CACHED

#12 [builder 5/6] COPY . .
#12 CACHED

#13 [builder 3/6] COPY package*.json ./
#13 CACHED

#14 [stage-1 3/3] COPY nginx.conf /etc/nginx/conf.d/default.conf
#14 CACHED

#15 exporting to image
#15 exporting layers done
#15 exporting manifest sha256:e5efa555abd7c41217b7318265a9042a09644d8d956c5e305dfc5ac4327d9f2e done
#15 exporting config sha256:d6d28303d886770b40ef0b283db28be1957e48370b7329fc2d5db2a6f41344f3 done
#15 exporting attestation manifest sha256:d101528a833f0e1461bf1ab87d6816695e4b6aa56275b3ebccfad336c4a3de8c 0.0s done
#15 exporting manifest list sha256:6d9e2643302548ea063e1bc77590f8914db0a5a8c2a2740818f7a2996409f4d9 done
#15 naming to docker.io/library/postgram-postgram-ui:latest done
#15 unpacking to docker.io/library/postgram-postgram-ui:latest done
#15 DONE 0.1s
----------------------------------------
Build complete! You can now import
cosmos-compose.json into Cosmos Cloud.
----------------------------------------
Rebuilding MCP Server image...
#0 building with "default" instance using docker driver

#1 [internal] load build definition from Dockerfile
#1 transferring dockerfile: 785B done
#1 DONE 0.0s

#2 [internal] load metadata for docker.io/library/node:22-alpine
#2 DONE 0.2s

#3 [internal] load .dockerignore
#3 transferring context: 2B done
#3 DONE 0.0s

#4 [builder 1/8] FROM docker.io/library/node:22-alpine@sha256:16e22a550f3863206a3f701448c45f7912c6896a62de43add43bb9c86130c3e2
#4 resolve docker.io/library/node:22-alpine@sha256:16e22a550f3863206a3f701448c45f7912c6896a62de43add43bb9c86130c3e2 0.0s done
#4 DONE 0.0s

#5 [internal] load build context
#5 transferring context: 33.52kB done
#5 DONE 0.0s

#6 [stage-1 3/8] RUN apk add --no-cache tini
#6 CACHED

#7 [stage-1 7/8] COPY src/db/migrations ./dist/db/migrations
#7 CACHED

#8 [builder 7/8] COPY src ./src
#8 CACHED

#9 [stage-1 6/8] COPY --from=builder /app/package.json ./
#9 CACHED

#10 [builder 4/8] COPY cli/package.json ./cli/package.json
#10 CACHED

#11 [stage-1 5/8] COPY --from=builder /app/node_modules ./node_modules
#11 CACHED

#12 [stage-1 4/8] COPY --from=builder /app/dist ./dist
#12 CACHED

#13 [builder 5/8] RUN npm ci
#13 CACHED

#14 [builder 8/8] RUN npm run build
#14 CACHED

#15 [builder 2/8] WORKDIR /app
#15 CACHED

#16 [builder 6/8] COPY tsconfig.json tsconfig.build.json ./
#16 CACHED

#17 [builder 3/8] COPY package.json package-lock.json ./
#17 CACHED

#18 [stage-1 8/8] RUN chmod +x /app/dist/cli/admin/pgm-admin.js  && ln -s /app/dist/cli/admin/pgm-admin.js /usr/local/bin/pgm-admin
#18 CACHED

#19 exporting to image
#19 exporting layers done
#19 exporting manifest sha256:59d09ad989bac93ce29e588725587984c3a022e224886612b4564de994445eca done
#19 exporting config sha256:42e6c89ad0d17bb4bf951e9d013580fa1119e1be1027a50466fe19f399ea49db done
#19 exporting attestation manifest sha256:94241f33f2e3169cf1ff79c3c9de18edcbd1f76154062ec63ddd92cfaf257115 0.0s done
#19 exporting manifest list sha256:a1df6f234bcbbf82aa8ff788b598b741c4240e7189989d37fe0ec07c6d26142e done
#19 naming to docker.io/library/postgram-mcp-server:latest done
#19 unpacking to docker.io/library/postgram-mcp-server:latest done
#19 DONE 0.1s
Restarting containers...
 Container postgram-postgres-1 Running 
 Container postgram-ollama-1 Recreate 
 Container postgram-mcp-server-1 Recreate 
 Container postgram-ollama-1 Recreated 
 Container postgram-mcp-server-1 Recreated 
 Container postgram-postgram-ui-1 Recreate 
 Container postgram-postgram-ui-1 Recreated 
 Container postgram-postgres-1 Waiting 
 Container postgram-ollama-1 Starting 
 Container postgram-ollama-1 Started 
 Container postgram-postgres-1 Healthy 
 Container postgram-mcp-server-1 Starting 
 Container postgram-mcp-server-1 Started 
 Container postgram-postgram-ui-1 Starting 
 Container postgram-postgram-ui-1 Started 
=== Update complete ===
=== Checking for updates from upstream repository ===
From https://github.com/Haasie/postgram
 * branch            main       -> FETCH_HEAD
New updates found! Pulling changes...
No local changes to save
From https://github.com/Haasie/postgram
 * branch            main       -> FETCH_HEAD
Already up to date.
No stash entries found.
Warning: Stash pop had conflicts. You may need to resolve them manually in the editor.
Rebuilding UI image...
Building postgram-postgram-ui:latest locally...
#0 building with "default" instance using docker driver

#1 [internal] load build definition from Dockerfile
#1 transferring dockerfile: 271B done
#1 DONE 0.0s

#2 [internal] load metadata for docker.io/library/nginx:alpine
#2 ...

#3 [internal] load metadata for docker.io/library/node:22-alpine
#3 DONE 0.7s

#2 [internal] load metadata for docker.io/library/nginx:alpine
#2 DONE 0.9s

#4 [internal] load .dockerignore
#4 transferring context: 85B done
#4 DONE 0.0s

#5 [internal] load build context
#5 transferring context: 3.87kB done
#5 DONE 0.0s

#6 [builder 1/6] FROM docker.io/library/node:22-alpine@sha256:16e22a550f3863206a3f701448c45f7912c6896a62de43add43bb9c86130c3e2
#6 resolve docker.io/library/node:22-alpine@sha256:16e22a550f3863206a3f701448c45f7912c6896a62de43add43bb9c86130c3e2 0.0s done
#6 DONE 0.0s

#7 [stage-1 1/3] FROM docker.io/library/nginx:alpine@sha256:54f2a904c251d5a34adf545a72d32515a15e08418dae0266e23be2e18c66fefa
#7 resolve docker.io/library/nginx:alpine@sha256:54f2a904c251d5a34adf545a72d32515a15e08418dae0266e23be2e18c66fefa 0.0s done
#7 DONE 0.0s

#8 [builder 5/6] COPY . .
#8 CACHED

#9 [builder 6/6] RUN npm run build
#9 CACHED

#10 [stage-1 2/3] COPY --from=builder /app/dist /usr/share/nginx/html
#10 CACHED

#11 [builder 2/6] WORKDIR /app
#11 CACHED

#12 [builder 4/6] RUN npm ci
#12 CACHED

#13 [builder 3/6] COPY package*.json ./
#13 CACHED

#14 [stage-1 3/3] COPY nginx.conf /etc/nginx/conf.d/default.conf
#14 CACHED

#15 exporting to image
#15 exporting layers done
#15 exporting manifest sha256:e5efa555abd7c41217b7318265a9042a09644d8d956c5e305dfc5ac4327d9f2e done
#15 exporting config sha256:d6d28303d886770b40ef0b283db28be1957e48370b7329fc2d5db2a6f41344f3 done
#15 exporting attestation manifest sha256:638ac60d1c2656c389b13b2999eb745b1a915f46ab8d952a5ba19d76bfc44124 0.0s done
#15 exporting manifest list sha256:2c6922d6e4dae01419970afa4f45779aa2330f2af6f700b6455aaecf53a8312c done
#15 naming to docker.io/library/postgram-postgram-ui:latest done
#15 unpacking to docker.io/library/postgram-postgram-ui:latest done
#15 DONE 0.1s
----------------------------------------
Build complete! You can now import
cosmos-compose.json into Cosmos Cloud.
----------------------------------------
Rebuilding MCP Server image...
#0 building with "default" instance using docker driver

#1 [internal] load build definition from Dockerfile
#1 transferring dockerfile: 785B done
#1 DONE 0.0s

#2 [internal] load metadata for docker.io/library/node:22-alpine
#2 DONE 0.2s

#3 [internal] load .dockerignore
#3 transferring context: 2B done
#3 DONE 0.0s

#4 [builder 1/8] FROM docker.io/library/node:22-alpine@sha256:16e22a550f3863206a3f701448c45f7912c6896a62de43add43bb9c86130c3e2
#4 resolve docker.io/library/node:22-alpine@sha256:16e22a550f3863206a3f701448c45f7912c6896a62de43add43bb9c86130c3e2 0.0s done
#4 DONE 0.0s

#5 [internal] load build context
#5 transferring context: 3.11kB done
#5 DONE 0.0s

#6 [builder 4/8] COPY cli/package.json ./cli/package.json
#6 CACHED

#7 [builder 3/8] COPY package.json package-lock.json ./
#7 CACHED

#8 [builder 8/8] RUN npm run build
#8 CACHED

#9 [builder 2/8] WORKDIR /app
#9 CACHED

#10 [builder 7/8] COPY src ./src
#10 CACHED

#11 [stage-1 6/8] COPY --from=builder /app/package.json ./
#11 CACHED

#12 [stage-1 4/8] COPY --from=builder /app/dist ./dist
#12 CACHED

#13 [stage-1 3/8] RUN apk add --no-cache tini
#13 CACHED

#14 [stage-1 5/8] COPY --from=builder /app/node_modules ./node_modules
#14 CACHED

#15 [builder 6/8] COPY tsconfig.json tsconfig.build.json ./
#15 CACHED

#16 [builder 5/8] RUN npm ci
#16 CACHED

#17 [stage-1 7/8] COPY src/db/migrations ./dist/db/migrations
#17 CACHED

#18 [stage-1 8/8] RUN chmod +x /app/dist/cli/admin/pgm-admin.js  && ln -s /app/dist/cli/admin/pgm-admin.js /usr/local/bin/pgm-admin
#18 CACHED

#19 exporting to image
#19 exporting layers done
#19 exporting manifest sha256:a71d4fa592ecd18386e41c29d8caa849f0138492d58c23de57660e6640f37894 done
#19 exporting config sha256:d37754ff05b906f431487d2e8f1d260b6a173d8f453449f5e4df12ca93f935b0 done
#19 exporting attestation manifest sha256:2d2209caf9b332bd8247ad261f51ff47e75d9cfdd2b243f5814f1f5c61ea07a0 0.0s done
#19 exporting manifest list sha256:6d0801a9aace99983fdf9afe5002cfa8d1298765b44c4393cdeccbed266b5eca done
#19 naming to docker.io/library/postgram-mcp-server:latest done
#19 unpacking to docker.io/library/postgram-mcp-server:latest done
#19 DONE 0.1s
Restarting containers...
 Container postgram-postgres-1 Running 
 Container postgram-ollama-1 Running 
 Container postgram-mcp-server-1 Recreate 
 Container postgram-mcp-server-1 Recreated 
 Container postgram-postgram-ui-1 Recreate 
 Container postgram-postgram-ui-1 Recreated 
 Container postgram-postgres-1 Waiting 
 Container postgram-postgres-1 Healthy 
 Container postgram-mcp-server-1 Starting 
 Container postgram-mcp-server-1 Started 
 Container postgram-postgram-ui-1 Starting 
 Container postgram-postgram-ui-1 Started 
=== Update complete ===
=== Checking for updates from upstream repository ===
From https://github.com/Haasie/postgram
 * branch            main       -> FETCH_HEAD
New updates found! Pulling changes...
No local changes to save
From https://github.com/Haasie/postgram
 * branch            main       -> FETCH_HEAD
Already up to date.
No stash entries found.
Warning: Stash pop had conflicts. You may need to resolve them manually in the editor.
Rebuilding UI image...
Building postgram-postgram-ui:latest locally...
#0 building with "default" instance using docker driver

#1 [internal] load build definition from Dockerfile
#1 transferring dockerfile: 271B 0.0s done
#1 DONE 0.0s

#2 [internal] load metadata for docker.io/library/node:22-alpine
#2 DONE 0.8s

#3 [internal] load metadata for docker.io/library/nginx:alpine
#3 DONE 1.2s

#4 [internal] load .dockerignore
#4 transferring context: 85B done
#4 DONE 0.0s

#5 [internal] load build context
#5 transferring context: 3.87kB done
#5 DONE 0.0s

#6 [stage-1 1/3] FROM docker.io/library/nginx:alpine@sha256:54f2a904c251d5a34adf545a72d32515a15e08418dae0266e23be2e18c66fefa
#6 resolve docker.io/library/nginx:alpine@sha256:54f2a904c251d5a34adf545a72d32515a15e08418dae0266e23be2e18c66fefa 0.1s done
#6 DONE 0.1s

#7 [builder 1/6] FROM docker.io/library/node:22-alpine@sha256:16e22a550f3863206a3f701448c45f7912c6896a62de43add43bb9c86130c3e2
#7 resolve docker.io/library/node:22-alpine@sha256:16e22a550f3863206a3f701448c45f7912c6896a62de43add43bb9c86130c3e2
#7 resolve docker.io/library/node:22-alpine@sha256:16e22a550f3863206a3f701448c45f7912c6896a62de43add43bb9c86130c3e2 0.1s done
#7 DONE 0.1s

#6 [stage-1 1/3] FROM docker.io/library/nginx:alpine@sha256:54f2a904c251d5a34adf545a72d32515a15e08418dae0266e23be2e18c66fefa
#6 DONE 0.1s

#8 [builder 5/6] COPY . .
#8 CACHED

#9 [builder 6/6] RUN npm run build
#9 CACHED

#10 [builder 2/6] WORKDIR /app
#10 CACHED

#11 [builder 3/6] COPY package*.json ./
#11 CACHED

#12 [builder 4/6] RUN npm ci
#12 CACHED

#13 [stage-1 2/3] COPY --from=builder /app/dist /usr/share/nginx/html
#13 CACHED

#14 [stage-1 3/3] COPY nginx.conf /etc/nginx/conf.d/default.conf
#14 CACHED

#15 exporting to image
#15 exporting layers done
#15 exporting manifest sha256:e5efa555abd7c41217b7318265a9042a09644d8d956c5e305dfc5ac4327d9f2e done
#15 exporting config sha256:d6d28303d886770b40ef0b283db28be1957e48370b7329fc2d5db2a6f41344f3 done
#15 exporting attestation manifest sha256:61acf356fac1f4d9bdfe7fb4e496dfe7ea0a3581ccceee48eb368513a1599d94 0.0s done
#15 exporting manifest list sha256:fcbe291be3f91fc966ef677c7326e0538e1a5a55fd9db8704dc0304c53767143 done
#15 naming to docker.io/library/postgram-postgram-ui:latest done
#15 unpacking to docker.io/library/postgram-postgram-ui:latest 0.0s done
#15 DONE 0.1s
----------------------------------------
Build complete! You can now import
cosmos-compose.json into Cosmos Cloud.
----------------------------------------
Rebuilding MCP Server image...
#0 building with "default" instance using docker driver

#1 [internal] load build definition from Dockerfile
#1 transferring dockerfile: 785B done
#1 DONE 0.0s

#2 [internal] load metadata for docker.io/library/node:22-alpine
#2 DONE 0.2s

#3 [internal] load .dockerignore
#3 transferring context: 2B done
#3 DONE 0.0s

#4 [builder 1/8] FROM docker.io/library/node:22-alpine@sha256:16e22a550f3863206a3f701448c45f7912c6896a62de43add43bb9c86130c3e2
#4 resolve docker.io/library/node:22-alpine@sha256:16e22a550f3863206a3f701448c45f7912c6896a62de43add43bb9c86130c3e2 0.0s done
#4 DONE 0.0s

#5 [internal] load build context
#5 transferring context: 3.11kB done
#5 DONE 0.0s

#6 [builder 4/8] COPY cli/package.json ./cli/package.json
#6 CACHED

#7 [builder 2/8] WORKDIR /app
#7 CACHED

#8 [builder 8/8] RUN npm run build
#8 CACHED

#9 [stage-1 3/8] RUN apk add --no-cache tini
#9 CACHED

#10 [stage-1 5/8] COPY --from=builder /app/node_modules ./node_modules
#10 CACHED

#11 [stage-1 7/8] COPY src/db/migrations ./dist/db/migrations
#11 CACHED

#12 [builder 3/8] COPY package.json package-lock.json ./
#12 CACHED

#13 [builder 7/8] COPY src ./src
#13 CACHED

#14 [stage-1 4/8] COPY --from=builder /app/dist ./dist
#14 CACHED

#15 [builder 5/8] RUN npm ci
#15 CACHED

#16 [stage-1 6/8] COPY --from=builder /app/package.json ./
#16 CACHED

#17 [builder 6/8] COPY tsconfig.json tsconfig.build.json ./
#17 CACHED

#18 [stage-1 8/8] RUN chmod +x /app/dist/cli/admin/pgm-admin.js  && ln -s /app/dist/cli/admin/pgm-admin.js /usr/local/bin/pgm-admin
#18 CACHED

#19 exporting to image
#19 exporting layers done
#19 exporting manifest sha256:a71d4fa592ecd18386e41c29d8caa849f0138492d58c23de57660e6640f37894 done
#19 exporting config sha256:d37754ff05b906f431487d2e8f1d260b6a173d8f453449f5e4df12ca93f935b0 done
#19 exporting attestation manifest sha256:fe16b80d8603402bb6effced90094a226c631a029fbec6eaa8509a5195599f07 0.0s done
#19 exporting manifest list sha256:61552e2f84f4d37ffa1f86c7a98801de4298f8443a1ec27dc5c6d798b1ea82ff done
#19 naming to docker.io/library/postgram-mcp-server:latest
#19 naming to docker.io/library/postgram-mcp-server:latest done
#19 unpacking to docker.io/library/postgram-mcp-server:latest done
#19 DONE 0.1s
Restarting containers...
 Container postgram-postgres-1 Running 
 Container postgram-ollama-1 Running 
 Container postgram-mcp-server-1 Recreate 
 Container postgram-mcp-server-1 Recreated 
 Container postgram-postgram-ui-1 Recreate 
 Container postgram-postgram-ui-1 Recreated 
 Container postgram-postgres-1 Waiting 
 Container postgram-postgres-1 Healthy 
 Container postgram-mcp-server-1 Starting 
 Container postgram-mcp-server-1 Started 
 Container postgram-postgram-ui-1 Starting 
 Container postgram-postgram-ui-1 Started 
=== Update complete ===
=== Checking for updates from upstream repository ===
From https://github.com/Haasie/postgram
 * branch            main       -> FETCH_HEAD
New updates found! Pulling changes...
No local changes to save
From https://github.com/Haasie/postgram
 * branch            main       -> FETCH_HEAD
Already up to date.
No stash entries found.
Warning: Stash pop had conflicts. You may need to resolve them manually in the editor.
Rebuilding UI image...
Building postgram-postgram-ui:latest locally...
#0 building with "default" instance using docker driver

#1 [internal] load build definition from Dockerfile
#1 transferring dockerfile: 271B done
#1 DONE 0.0s

#2 [internal] load metadata for docker.io/library/node:22-alpine
#2 DONE 0.7s

#3 [internal] load metadata for docker.io/library/nginx:alpine
#3 DONE 0.9s

#4 [internal] load .dockerignore
#4 transferring context: 85B done
#4 DONE 0.0s

#5 [internal] load build context
#5 transferring context: 3.87kB 0.0s done
#5 DONE 0.0s

#6 [builder 1/6] FROM docker.io/library/node:22-alpine@sha256:16e22a550f3863206a3f701448c45f7912c6896a62de43add43bb9c86130c3e2
#6 resolve docker.io/library/node:22-alpine@sha256:16e22a550f3863206a3f701448c45f7912c6896a62de43add43bb9c86130c3e2 0.0s done
#6 DONE 0.1s

#7 [stage-1 1/3] FROM docker.io/library/nginx:alpine@sha256:54f2a904c251d5a34adf545a72d32515a15e08418dae0266e23be2e18c66fefa
#7 resolve docker.io/library/nginx:alpine@sha256:54f2a904c251d5a34adf545a72d32515a15e08418dae0266e23be2e18c66fefa 0.0s done
#7 DONE 0.1s

#8 [builder 4/6] RUN npm ci
#8 CACHED

#9 [stage-1 2/3] COPY --from=builder /app/dist /usr/share/nginx/html
#9 CACHED

#10 [builder 2/6] WORKDIR /app
#10 CACHED

#11 [builder 3/6] COPY package*.json ./
#11 CACHED

#12 [builder 5/6] COPY . .
#12 CACHED

#13 [builder 6/6] RUN npm run build
#13 CACHED

#14 [stage-1 3/3] COPY nginx.conf /etc/nginx/conf.d/default.conf
#14 CACHED

#15 exporting to image
#15 exporting layers done
#15 exporting manifest sha256:e5efa555abd7c41217b7318265a9042a09644d8d956c5e305dfc5ac4327d9f2e done
#15 exporting config sha256:d6d28303d886770b40ef0b283db28be1957e48370b7329fc2d5db2a6f41344f3 done
#15 exporting attestation manifest sha256:ec452e9da98185b6914c2c35532846b006a102b66506dbaf1e81faca7c665107 0.0s done
#15 exporting manifest list sha256:ab22b5deffe9a59d42a63705c7cc26512c7d0c61bd497b057ba1a82e7c1dc8ba 0.0s done
#15 naming to docker.io/library/postgram-postgram-ui:latest done
#15 unpacking to docker.io/library/postgram-postgram-ui:latest 0.0s done
#15 DONE 0.1s
----------------------------------------
Build complete! You can now import
cosmos-compose.json into Cosmos Cloud.
----------------------------------------
Rebuilding MCP Server image...
#0 building with "default" instance using docker driver

#1 [internal] load build definition from Dockerfile
#1 transferring dockerfile: 785B done
#1 DONE 0.0s

#2 [internal] load metadata for docker.io/library/node:22-alpine
#2 DONE 0.2s

#3 [internal] load .dockerignore
#3 transferring context: 2B done
#3 DONE 0.0s

#4 [builder 1/8] FROM docker.io/library/node:22-alpine@sha256:16e22a550f3863206a3f701448c45f7912c6896a62de43add43bb9c86130c3e2
#4 resolve docker.io/library/node:22-alpine@sha256:16e22a550f3863206a3f701448c45f7912c6896a62de43add43bb9c86130c3e2 0.0s done
#4 DONE 0.0s

#5 [internal] load build context
#5 transferring context: 3.11kB done
#5 DONE 0.0s

#6 [builder 6/8] COPY tsconfig.json tsconfig.build.json ./
#6 CACHED

#7 [stage-1 3/8] RUN apk add --no-cache tini
#7 CACHED

#8 [stage-1 5/8] COPY --from=builder /app/node_modules ./node_modules
#8 CACHED

#9 [stage-1 7/8] COPY src/db/migrations ./dist/db/migrations
#9 CACHED

#10 [builder 2/8] WORKDIR /app
#10 CACHED

#11 [builder 7/8] COPY src ./src
#11 CACHED

#12 [builder 3/8] COPY package.json package-lock.json ./
#12 CACHED

#13 [builder 5/8] RUN npm ci
#13 CACHED

#14 [stage-1 4/8] COPY --from=builder /app/dist ./dist
#14 CACHED

#15 [builder 8/8] RUN npm run build
#15 CACHED

#16 [builder 4/8] COPY cli/package.json ./cli/package.json
#16 CACHED

#17 [stage-1 6/8] COPY --from=builder /app/package.json ./
#17 CACHED

#18 [stage-1 8/8] RUN chmod +x /app/dist/cli/admin/pgm-admin.js  && ln -s /app/dist/cli/admin/pgm-admin.js /usr/local/bin/pgm-admin
#18 CACHED

#19 exporting to image
#19 exporting layers done
#19 exporting manifest sha256:a71d4fa592ecd18386e41c29d8caa849f0138492d58c23de57660e6640f37894 done
#19 exporting config sha256:d37754ff05b906f431487d2e8f1d260b6a173d8f453449f5e4df12ca93f935b0 done
#19 exporting attestation manifest sha256:6bcb263f7845ca216df74e130e579c28e943ab7fc5ca567d32734448e4cc4233 0.0s done
#19 exporting manifest list sha256:f06702a1a3412f5ef2230beb04233106e16a73bc694ce943677e055397354989 done
#19 naming to docker.io/library/postgram-mcp-server:latest
#19 naming to docker.io/library/postgram-mcp-server:latest done
#19 unpacking to docker.io/library/postgram-mcp-server:latest 0.0s done
#19 DONE 0.1s
Restarting containers...
 Container postgram-ollama-1 Running 
 Container postgram-postgres-1 Running 
 Container postgram-mcp-server-1 Recreate 
 Container postgram-mcp-server-1 Recreated 
 Container postgram-postgram-ui-1 Recreate 
 Container postgram-postgram-ui-1 Recreated 
 Container postgram-postgres-1 Waiting 
 Container postgram-postgres-1 Healthy 
 Container postgram-mcp-server-1 Starting 
 Container postgram-mcp-server-1 Started 
 Container postgram-postgram-ui-1 Starting 
 Container postgram-postgram-ui-1 Started 
=== Update complete ===
=== Checking for updates from upstream repository ===
From https://github.com/Haasie/postgram
 * branch            main       -> FETCH_HEAD
New updates found! Pulling changes...
No local changes to save
From https://github.com/Haasie/postgram
 * branch            main       -> FETCH_HEAD
Already up to date.
No stash entries found.
Warning: Stash pop had conflicts. You may need to resolve them manually in the editor.
Rebuilding UI image...
Building postgram-postgram-ui:latest locally...
#0 building with "default" instance using docker driver

#1 [internal] load build definition from Dockerfile
#1 transferring dockerfile: 271B done
#1 DONE 0.0s

#2 [internal] load metadata for docker.io/library/node:22-alpine
#2 DONE 1.1s

#3 [internal] load metadata for docker.io/library/nginx:alpine
#3 DONE 1.2s

#4 [internal] load .dockerignore
#4 transferring context: 85B done
#4 DONE 0.0s

#5 [internal] load build context
#5 transferring context: 3.87kB 0.0s done
#5 DONE 0.0s

#6 [builder 1/6] FROM docker.io/library/node:22-alpine@sha256:16e22a550f3863206a3f701448c45f7912c6896a62de43add43bb9c86130c3e2
#6 resolve docker.io/library/node:22-alpine@sha256:16e22a550f3863206a3f701448c45f7912c6896a62de43add43bb9c86130c3e2 0.0s done
#6 DONE 0.0s

#7 [stage-1 1/3] FROM docker.io/library/nginx:alpine@sha256:54f2a904c251d5a34adf545a72d32515a15e08418dae0266e23be2e18c66fefa
#7 resolve docker.io/library/nginx:alpine@sha256:54f2a904c251d5a34adf545a72d32515a15e08418dae0266e23be2e18c66fefa 0.0s done
#7 DONE 0.0s

#8 [builder 3/6] COPY package*.json ./
#8 CACHED

#9 [builder 4/6] RUN npm ci
#9 CACHED

#10 [builder 6/6] RUN npm run build
#10 CACHED

#11 [stage-1 2/3] COPY --from=builder /app/dist /usr/share/nginx/html
#11 CACHED

#12 [builder 5/6] COPY . .
#12 CACHED

#13 [builder 2/6] WORKDIR /app
#13 CACHED

#14 [stage-1 3/3] COPY nginx.conf /etc/nginx/conf.d/default.conf
#14 CACHED

#15 exporting to image
#15 exporting layers done
#15 exporting manifest sha256:e5efa555abd7c41217b7318265a9042a09644d8d956c5e305dfc5ac4327d9f2e done
#15 exporting config sha256:d6d28303d886770b40ef0b283db28be1957e48370b7329fc2d5db2a6f41344f3 done
#15 exporting attestation manifest sha256:dc013b5acf7885238528ce92360ce567ec64c7a7ed6a38b8c88a2478e53f5228
#15 exporting attestation manifest sha256:dc013b5acf7885238528ce92360ce567ec64c7a7ed6a38b8c88a2478e53f5228 0.0s done
#15 exporting manifest list sha256:8d455ad3468bf8ea12b1e25c33b0df297c494ef7138db646401e0fffdc1d4934 0.0s done
#15 naming to docker.io/library/postgram-postgram-ui:latest done
#15 unpacking to docker.io/library/postgram-postgram-ui:latest 0.0s done
#15 DONE 0.1s
----------------------------------------
Build complete! You can now import
cosmos-compose.json into Cosmos Cloud.
----------------------------------------
Rebuilding MCP Server image...
#0 building with "default" instance using docker driver

#1 [internal] load build definition from Dockerfile
#1 transferring dockerfile: 785B done
#1 DONE 0.0s

#2 [internal] load metadata for docker.io/library/node:22-alpine
#2 DONE 0.3s

#3 [internal] load .dockerignore
#3 transferring context: 2B done
#3 DONE 0.0s

#4 [builder 1/8] FROM docker.io/library/node:22-alpine@sha256:16e22a550f3863206a3f701448c45f7912c6896a62de43add43bb9c86130c3e2
#4 resolve docker.io/library/node:22-alpine@sha256:16e22a550f3863206a3f701448c45f7912c6896a62de43add43bb9c86130c3e2 0.0s done
#4 DONE 0.0s

#5 [internal] load build context
#5 transferring context: 3.11kB done
#5 DONE 0.0s

#6 [stage-1 5/8] COPY --from=builder /app/node_modules ./node_modules
#6 CACHED

#7 [builder 2/8] WORKDIR /app
#7 CACHED

#8 [builder 8/8] RUN npm run build
#8 CACHED

#9 [stage-1 3/8] RUN apk add --no-cache tini
#9 CACHED

#10 [builder 5/8] RUN npm ci
#10 CACHED

#11 [builder 4/8] COPY cli/package.json ./cli/package.json
#11 CACHED

#12 [stage-1 7/8] COPY src/db/migrations ./dist/db/migrations
#12 CACHED

#13 [stage-1 4/8] COPY --from=builder /app/dist ./dist
#13 CACHED

#14 [builder 3/8] COPY package.json package-lock.json ./
#14 CACHED

#15 [stage-1 6/8] COPY --from=builder /app/package.json ./
#15 CACHED

#16 [builder 6/8] COPY tsconfig.json tsconfig.build.json ./
#16 CACHED

#17 [builder 7/8] COPY src ./src
#17 CACHED

#18 [stage-1 8/8] RUN chmod +x /app/dist/cli/admin/pgm-admin.js  && ln -s /app/dist/cli/admin/pgm-admin.js /usr/local/bin/pgm-admin
#18 CACHED

#19 exporting to image
#19 exporting layers done
#19 exporting manifest sha256:a71d4fa592ecd18386e41c29d8caa849f0138492d58c23de57660e6640f37894 done
#19 exporting config sha256:d37754ff05b906f431487d2e8f1d260b6a173d8f453449f5e4df12ca93f935b0 done
#19 exporting attestation manifest sha256:904520d85f4a8433c6c159f21710814c8ba294f8df32800f08a7debf9b3adb1e 0.0s done
#19 exporting manifest list sha256:50353920e6a4491b82b235e06ae12eed5410861224bb021421f52da0857d2235 done
#19 naming to docker.io/library/postgram-mcp-server:latest done
#19 unpacking to docker.io/library/postgram-mcp-server:latest done
#19 DONE 0.1s
Restarting containers...
 Container postgram-postgres-1 Running 
 Container postgram-ollama-1 Running 
 Container postgram-mcp-server-1 Recreate 
 Container postgram-mcp-server-1 Recreated 
 Container postgram-postgram-ui-1 Recreate 
 Container postgram-postgram-ui-1 Recreated 
 Container postgram-postgres-1 Waiting 
 Container postgram-postgres-1 Healthy 
 Container postgram-mcp-server-1 Starting 
 Container postgram-mcp-server-1 Started 
 Container postgram-postgram-ui-1 Starting 
 Container postgram-postgram-ui-1 Started 
=== Update complete ===
=== Checking for updates from upstream repository ===
From https://github.com/Haasie/postgram
 * branch            main       -> FETCH_HEAD
New updates found! Pulling changes...
No local changes to save
From https://github.com/Haasie/postgram
 * branch            main       -> FETCH_HEAD
Already up to date.
No stash entries found.
Warning: Stash pop had conflicts. You may need to resolve them manually in the editor.
Rebuilding UI image...
Building postgram-postgram-ui:latest locally...
#0 building with "default" instance using docker driver

#1 [internal] load build definition from Dockerfile
#1 transferring dockerfile: 271B done
#1 DONE 0.0s

#2 [internal] load metadata for docker.io/library/node:22-alpine
#2 DONE 0.9s

#3 [internal] load metadata for docker.io/library/nginx:alpine
#3 DONE 1.3s

#4 [internal] load .dockerignore
#4 transferring context: 85B done
#4 DONE 0.0s

#5 [internal] load build context
#5 transferring context: 3.87kB done
#5 DONE 0.0s

#6 [builder 1/6] FROM docker.io/library/node:22-alpine@sha256:16e22a550f3863206a3f701448c45f7912c6896a62de43add43bb9c86130c3e2
#6 resolve docker.io/library/node:22-alpine@sha256:16e22a550f3863206a3f701448c45f7912c6896a62de43add43bb9c86130c3e2 0.0s done
#6 DONE 0.0s

#7 [stage-1 1/3] FROM docker.io/library/nginx:alpine@sha256:54f2a904c251d5a34adf545a72d32515a15e08418dae0266e23be2e18c66fefa
#7 resolve docker.io/library/nginx:alpine@sha256:54f2a904c251d5a34adf545a72d32515a15e08418dae0266e23be2e18c66fefa 0.0s done
#7 DONE 0.0s

#8 [stage-1 2/3] COPY --from=builder /app/dist /usr/share/nginx/html
#8 CACHED

#9 [builder 2/6] WORKDIR /app
#9 CACHED

#10 [builder 5/6] COPY . .
#10 CACHED

#11 [builder 6/6] RUN npm run build
#11 CACHED

#12 [builder 3/6] COPY package*.json ./
#12 CACHED

#13 [builder 4/6] RUN npm ci
#13 CACHED

#14 [stage-1 3/3] COPY nginx.conf /etc/nginx/conf.d/default.conf
#14 CACHED

#15 exporting to image
#15 exporting layers done
#15 exporting manifest sha256:e5efa555abd7c41217b7318265a9042a09644d8d956c5e305dfc5ac4327d9f2e done
#15 exporting config sha256:d6d28303d886770b40ef0b283db28be1957e48370b7329fc2d5db2a6f41344f3 done
#15 exporting attestation manifest sha256:6d85170bd19d06b6668b3ba4db5c03c28b0aec8c54db208a13d262d9425a54f1 0.0s done
#15 exporting manifest list sha256:4bda7ef0d686e4c50bbaec4c1dae01a907857bc3c04c62300f10de5aa2893299 done
#15 naming to docker.io/library/postgram-postgram-ui:latest done
#15 unpacking to docker.io/library/postgram-postgram-ui:latest 0.0s done
#15 DONE 0.1s
----------------------------------------
Build complete! You can now import
cosmos-compose.json into Cosmos Cloud.
----------------------------------------
Rebuilding MCP Server image...
#0 building with "default" instance using docker driver

#1 [internal] load build definition from Dockerfile
#1 transferring dockerfile: 785B done
#1 DONE 0.0s

#2 [internal] load metadata for docker.io/library/node:22-alpine
#2 DONE 0.4s

#3 [internal] load .dockerignore
#3 transferring context: 2B done
#3 DONE 0.0s

#4 [builder 1/8] FROM docker.io/library/node:22-alpine@sha256:16e22a550f3863206a3f701448c45f7912c6896a62de43add43bb9c86130c3e2
#4 resolve docker.io/library/node:22-alpine@sha256:16e22a550f3863206a3f701448c45f7912c6896a62de43add43bb9c86130c3e2 0.0s done
#4 DONE 0.0s

#5 [internal] load build context
#5 transferring context: 3.11kB done
#5 DONE 0.0s

#6 [stage-1 7/8] COPY src/db/migrations ./dist/db/migrations
#6 CACHED

#7 [builder 8/8] RUN npm run build
#7 CACHED

#8 [stage-1 4/8] COPY --from=builder /app/dist ./dist
#8 CACHED

#9 [builder 2/8] WORKDIR /app
#9 CACHED

#10 [builder 4/8] COPY cli/package.json ./cli/package.json
#10 CACHED

#11 [stage-1 5/8] COPY --from=builder /app/node_modules ./node_modules
#11 CACHED

#12 [stage-1 6/8] COPY --from=builder /app/package.json ./
#12 CACHED

#13 [stage-1 3/8] RUN apk add --no-cache tini
#13 CACHED

#14 [builder 3/8] COPY package.json package-lock.json ./
#14 CACHED

#15 [builder 6/8] COPY tsconfig.json tsconfig.build.json ./
#15 CACHED

#16 [builder 5/8] RUN npm ci
#16 CACHED

#17 [builder 7/8] COPY src ./src
#17 CACHED

#18 [stage-1 8/8] RUN chmod +x /app/dist/cli/admin/pgm-admin.js  && ln -s /app/dist/cli/admin/pgm-admin.js /usr/local/bin/pgm-admin
#18 CACHED

#19 exporting to image
#19 exporting layers done
#19 exporting manifest sha256:a71d4fa592ecd18386e41c29d8caa849f0138492d58c23de57660e6640f37894 done
#19 exporting config sha256:d37754ff05b906f431487d2e8f1d260b6a173d8f453449f5e4df12ca93f935b0 done
#19 exporting attestation manifest sha256:70cd294795340c3172be189ebc11ec3953460f437be92a43b61b9d60df5acc3d
#19 exporting attestation manifest sha256:70cd294795340c3172be189ebc11ec3953460f437be92a43b61b9d60df5acc3d 0.0s done
#19 exporting manifest list sha256:e8216232de0ca6bfdc00dacc072d7ab19752ed20ab324580d931dee139f94621 done
#19 naming to docker.io/library/postgram-mcp-server:latest done
#19 unpacking to docker.io/library/postgram-mcp-server:latest done
#19 DONE 0.1s
Restarting containers...
 Container postgram-postgres-1 Running 
 Container postgram-ollama-1 Running 
 Container postgram-mcp-server-1 Recreate 
 Container postgram-mcp-server-1 Recreated 
 Container postgram-postgram-ui-1 Recreate 
 Container postgram-postgram-ui-1 Recreated 
 Container postgram-postgres-1 Waiting 
 Container postgram-postgres-1 Healthy 
 Container postgram-mcp-server-1 Starting 
 Container postgram-mcp-server-1 Started 
 Container postgram-postgram-ui-1 Starting 
 Container postgram-postgram-ui-1 Started 
=== Update complete ===
=== Checking for updates from upstream repository ===
From https://github.com/Haasie/postgram
 * branch            main       -> FETCH_HEAD
New updates found! Pulling changes...
No local changes to save
From https://github.com/Haasie/postgram
 * branch            main       -> FETCH_HEAD
Already up to date.
No stash entries found.
Warning: Stash pop had conflicts. You may need to resolve them manually in the editor.
Rebuilding UI image...
Building postgram-postgram-ui:latest locally...
#0 building with "default" instance using docker driver

#1 [internal] load build definition from Dockerfile
#1 transferring dockerfile: 271B done
#1 DONE 0.0s

#2 [internal] load metadata for docker.io/library/node:22-alpine
#2 DONE 0.7s

#3 [internal] load metadata for docker.io/library/nginx:alpine
#3 DONE 1.4s

#4 [internal] load .dockerignore
#4 transferring context: 85B done
#4 DONE 0.0s

#5 [internal] load build context
#5 transferring context: 3.87kB 0.0s done
#5 DONE 0.0s

#6 [builder 1/6] FROM docker.io/library/node:22-alpine@sha256:16e22a550f3863206a3f701448c45f7912c6896a62de43add43bb9c86130c3e2
#6 resolve docker.io/library/node:22-alpine@sha256:16e22a550f3863206a3f701448c45f7912c6896a62de43add43bb9c86130c3e2 0.0s done
#6 DONE 0.0s

#7 [stage-1 1/3] FROM docker.io/library/nginx:alpine@sha256:54f2a904c251d5a34adf545a72d32515a15e08418dae0266e23be2e18c66fefa
#7 resolve docker.io/library/nginx:alpine@sha256:54f2a904c251d5a34adf545a72d32515a15e08418dae0266e23be2e18c66fefa 0.0s done
#7 DONE 0.0s

#8 [builder 2/6] WORKDIR /app
#8 CACHED

#9 [builder 3/6] COPY package*.json ./
#9 CACHED

#10 [builder 4/6] RUN npm ci
#10 CACHED

#11 [builder 6/6] RUN npm run build
#11 CACHED

#12 [stage-1 2/3] COPY --from=builder /app/dist /usr/share/nginx/html
#12 CACHED

#13 [builder 5/6] COPY . .
#13 CACHED

#14 [stage-1 3/3] COPY nginx.conf /etc/nginx/conf.d/default.conf
#14 CACHED

#15 exporting to image
#15 exporting layers done
#15 exporting manifest sha256:e5efa555abd7c41217b7318265a9042a09644d8d956c5e305dfc5ac4327d9f2e done
#15 exporting config sha256:d6d28303d886770b40ef0b283db28be1957e48370b7329fc2d5db2a6f41344f3 done
#15 exporting attestation manifest sha256:11cf8249a2990cb93f55ab605ab30288d5fa9f42fabc958ced63b5fafed8005e 0.0s done
#15 exporting manifest list sha256:e3e73e6b31ee5f20af2c2caaec7273cb86aa0dec5791d82e2d7aacb26fc77062 0.0s done
#15 naming to docker.io/library/postgram-postgram-ui:latest done
#15 unpacking to docker.io/library/postgram-postgram-ui:latest done
#15 DONE 0.1s
----------------------------------------
Build complete! You can now import
cosmos-compose.json into Cosmos Cloud.
----------------------------------------
Rebuilding MCP Server image...
#0 building with "default" instance using docker driver

#1 [internal] load build definition from Dockerfile
#1 transferring dockerfile: 785B done
#1 DONE 0.0s

#2 [internal] load metadata for docker.io/library/node:22-alpine
#2 DONE 0.4s

#3 [internal] load .dockerignore
#3 transferring context: 2B done
#3 DONE 0.0s

#4 [builder 1/8] FROM docker.io/library/node:22-alpine@sha256:16e22a550f3863206a3f701448c45f7912c6896a62de43add43bb9c86130c3e2
#4 resolve docker.io/library/node:22-alpine@sha256:16e22a550f3863206a3f701448c45f7912c6896a62de43add43bb9c86130c3e2 0.0s done
#4 DONE 0.0s

#5 [internal] load build context
#5 transferring context: 3.11kB done
#5 DONE 0.0s

#6 [stage-1 4/8] COPY --from=builder /app/dist ./dist
#6 CACHED

#7 [stage-1 6/8] COPY --from=builder /app/package.json ./
#7 CACHED

#8 [builder 2/8] WORKDIR /app
#8 CACHED

#9 [builder 7/8] COPY src ./src
#9 CACHED

#10 [builder 5/8] RUN npm ci
#10 CACHED

#11 [builder 3/8] COPY package.json package-lock.json ./
#11 CACHED

#12 [stage-1 3/8] RUN apk add --no-cache tini
#12 CACHED

#13 [builder 8/8] RUN npm run build
#13 CACHED

#14 [builder 6/8] COPY tsconfig.json tsconfig.build.json ./
#14 CACHED

#15 [stage-1 5/8] COPY --from=builder /app/node_modules ./node_modules
#15 CACHED

#16 [stage-1 7/8] COPY src/db/migrations ./dist/db/migrations
#16 CACHED

#17 [builder 4/8] COPY cli/package.json ./cli/package.json
#17 CACHED

#18 [stage-1 8/8] RUN chmod +x /app/dist/cli/admin/pgm-admin.js  && ln -s /app/dist/cli/admin/pgm-admin.js /usr/local/bin/pgm-admin
#18 CACHED

#19 exporting to image
#19 exporting layers done
#19 exporting manifest sha256:a71d4fa592ecd18386e41c29d8caa849f0138492d58c23de57660e6640f37894 done
#19 exporting config sha256:d37754ff05b906f431487d2e8f1d260b6a173d8f453449f5e4df12ca93f935b0 done
#19 exporting attestation manifest sha256:92978a4db701589ecfcb8eb6c9e22fdcdfd83a03957c2acd95f2303117f85e65 0.0s done
#19 exporting manifest list sha256:585e64f0f4b2aefa64518451abedd8a7d0097272398100eb5acc0d8ee815dc2f 0.0s done
#19 naming to docker.io/library/postgram-mcp-server:latest
#19 naming to docker.io/library/postgram-mcp-server:latest done
#19 unpacking to docker.io/library/postgram-mcp-server:latest done
#19 DONE 0.1s
Restarting containers...
 Container postgram-postgres-1 Running 
 Container postgram-ollama-1 Running 
 Container postgram-mcp-server-1 Recreate 
 Container postgram-mcp-server-1 Recreated 
 Container postgram-postgram-ui-1 Recreate 
 Container postgram-postgram-ui-1 Recreated 
 Container postgram-postgres-1 Waiting 
 Container postgram-postgres-1 Healthy 
 Container postgram-mcp-server-1 Starting 
 Container postgram-mcp-server-1 Started 
 Container postgram-postgram-ui-1 Starting 
 Container postgram-postgram-ui-1 Started 
=== Update complete ===
=== Checking for updates from upstream repository ===
From https://github.com/Haasie/postgram
 * branch            main       -> FETCH_HEAD
New updates found! Pulling changes...
No local changes to save
From https://github.com/Haasie/postgram
 * branch            main       -> FETCH_HEAD
Already up to date.
No stash entries found.
Warning: Stash pop had conflicts. You may need to resolve them manually in the editor.
Rebuilding UI image...
Building postgram-postgram-ui:latest locally...
#0 building with "default" instance using docker driver

#1 [internal] load build definition from Dockerfile
#1 transferring dockerfile: 271B done
#1 DONE 0.0s

#2 [internal] load metadata for docker.io/library/node:22-alpine
#2 DONE 0.8s

#3 [internal] load metadata for docker.io/library/nginx:alpine
#3 DONE 1.2s

#4 [internal] load .dockerignore
#4 transferring context: 85B done
#4 DONE 0.0s

#5 [internal] load build context
#5 transferring context: 3.87kB 0.0s done
#5 DONE 0.0s

#6 [builder 1/6] FROM docker.io/library/node:22-alpine@sha256:16e22a550f3863206a3f701448c45f7912c6896a62de43add43bb9c86130c3e2
#6 resolve docker.io/library/node:22-alpine@sha256:16e22a550f3863206a3f701448c45f7912c6896a62de43add43bb9c86130c3e2 0.1s done
#6 DONE 0.1s

#7 [stage-1 1/3] FROM docker.io/library/nginx:alpine@sha256:54f2a904c251d5a34adf545a72d32515a15e08418dae0266e23be2e18c66fefa
#7 resolve docker.io/library/nginx:alpine@sha256:54f2a904c251d5a34adf545a72d32515a15e08418dae0266e23be2e18c66fefa 0.1s done
#7 DONE 0.1s

#8 [builder 3/6] COPY package*.json ./
#8 CACHED

#9 [builder 4/6] RUN npm ci
#9 CACHED

#10 [builder 5/6] COPY . .
#10 CACHED

#11 [builder 6/6] RUN npm run build
#11 CACHED

#12 [stage-1 2/3] COPY --from=builder /app/dist /usr/share/nginx/html
#12 CACHED

#13 [builder 2/6] WORKDIR /app
#13 CACHED

#14 [stage-1 3/3] COPY nginx.conf /etc/nginx/conf.d/default.conf
#14 CACHED

#15 exporting to image
#15 exporting layers done
#15 exporting manifest sha256:e5efa555abd7c41217b7318265a9042a09644d8d956c5e305dfc5ac4327d9f2e 0.0s done
#15 exporting config sha256:d6d28303d886770b40ef0b283db28be1957e48370b7329fc2d5db2a6f41344f3 done
#15 exporting attestation manifest sha256:5b9edc6959c65023e5d63a6c7c18ab372b6f07fffee29a5cb5c1f54fff8a2888 0.0s done
#15 exporting manifest list sha256:f62afbbec174457a415adaeaddf3fe5be367398b5bf41e599cdf23aa0c9b6594 done
#15 naming to docker.io/library/postgram-postgram-ui:latest done
#15 unpacking to docker.io/library/postgram-postgram-ui:latest done
#15 DONE 0.1s
----------------------------------------
Build complete! You can now import
cosmos-compose.json into Cosmos Cloud.
----------------------------------------
Rebuilding MCP Server image...
#0 building with "default" instance using docker driver

#1 [internal] load build definition from Dockerfile
#1 transferring dockerfile: 785B done
#1 DONE 0.0s

#2 [internal] load metadata for docker.io/library/node:22-alpine
#2 DONE 1.0s

#3 [internal] load .dockerignore
#3 transferring context: 2B done
#3 DONE 0.0s

#4 [builder 1/8] FROM docker.io/library/node:22-alpine@sha256:16e22a550f3863206a3f701448c45f7912c6896a62de43add43bb9c86130c3e2
#4 resolve docker.io/library/node:22-alpine@sha256:16e22a550f3863206a3f701448c45f7912c6896a62de43add43bb9c86130c3e2 0.0s done
#4 DONE 0.0s

#5 [internal] load build context
#5 transferring context: 3.11kB done
#5 DONE 0.0s

#6 [stage-1 6/8] COPY --from=builder /app/package.json ./
#6 CACHED

#7 [builder 6/8] COPY tsconfig.json tsconfig.build.json ./
#7 CACHED

#8 [builder 7/8] COPY src ./src
#8 CACHED

#9 [stage-1 5/8] COPY --from=builder /app/node_modules ./node_modules
#9 CACHED

#10 [builder 8/8] RUN npm run build
#10 CACHED

#11 [builder 2/8] WORKDIR /app
#11 CACHED

#12 [stage-1 4/8] COPY --from=builder /app/dist ./dist
#12 CACHED

#13 [stage-1 7/8] COPY src/db/migrations ./dist/db/migrations
#13 CACHED

#14 [builder 5/8] RUN npm ci
#14 CACHED

#15 [builder 4/8] COPY cli/package.json ./cli/package.json
#15 CACHED

#16 [builder 3/8] COPY package.json package-lock.json ./
#16 CACHED

#17 [stage-1 3/8] RUN apk add --no-cache tini
#17 CACHED

#18 [stage-1 8/8] RUN chmod +x /app/dist/cli/admin/pgm-admin.js  && ln -s /app/dist/cli/admin/pgm-admin.js /usr/local/bin/pgm-admin
#18 CACHED

#19 exporting to image
#19 exporting layers done
#19 exporting manifest sha256:a71d4fa592ecd18386e41c29d8caa849f0138492d58c23de57660e6640f37894 done
#19 exporting config sha256:d37754ff05b906f431487d2e8f1d260b6a173d8f453449f5e4df12ca93f935b0 done
#19 exporting attestation manifest sha256:84e579c789c2d46a0837e9d7c9d829bc534fd38699a6168c17495d8681f21fdd 0.0s done
#19 exporting manifest list sha256:c84efe5cf5239f0343cdebd5be4d9cbc93234d9c514412c6bed6e7d8c880cb98 done
#19 naming to docker.io/library/postgram-mcp-server:latest done
#19 unpacking to docker.io/library/postgram-mcp-server:latest done
#19 DONE 0.1s
Restarting containers...
 Container postgram-ollama-1 Running 
 Container postgram-postgres-1 Running 
 Container postgram-mcp-server-1 Recreate 
 Container postgram-mcp-server-1 Recreated 
 Container postgram-postgram-ui-1 Recreate 
 Container postgram-postgram-ui-1 Recreated 
 Container postgram-postgres-1 Waiting 
 Container postgram-postgres-1 Healthy 
 Container postgram-mcp-server-1 Starting 
 Container postgram-mcp-server-1 Started 
 Container postgram-postgram-ui-1 Starting 
 Container postgram-postgram-ui-1 Started 
=== Update complete ===
=== Checking for updates from upstream repository ===
From https://github.com/Haasie/postgram
 * branch            main       -> FETCH_HEAD
New updates found! Pulling changes...
No local changes to save
From https://github.com/Haasie/postgram
 * branch            main       -> FETCH_HEAD
Already up to date.
No stash entries found.
Warning: Stash pop had conflicts. You may need to resolve them manually in the editor.
Rebuilding UI image...
Building postgram-postgram-ui:latest locally...
#0 building with "default" instance using docker driver

#1 [internal] load build definition from Dockerfile
#1 transferring dockerfile: 271B 0.0s done
#1 DONE 0.0s

#2 [internal] load metadata for docker.io/library/node:22-alpine
#2 DONE 0.8s

#3 [internal] load metadata for docker.io/library/nginx:alpine
#3 DONE 1.2s

#4 [internal] load .dockerignore
#4 transferring context: 85B done
#4 DONE 0.0s

#5 [internal] load build context
#5 transferring context: 3.87kB done
#5 DONE 0.0s

#6 [stage-1 1/3] FROM docker.io/library/nginx:alpine@sha256:54f2a904c251d5a34adf545a72d32515a15e08418dae0266e23be2e18c66fefa
#6 resolve docker.io/library/nginx:alpine@sha256:54f2a904c251d5a34adf545a72d32515a15e08418dae0266e23be2e18c66fefa 0.0s done
#6 DONE 0.0s

#7 [builder 1/6] FROM docker.io/library/node:22-alpine@sha256:16e22a550f3863206a3f701448c45f7912c6896a62de43add43bb9c86130c3e2
#7 resolve docker.io/library/node:22-alpine@sha256:16e22a550f3863206a3f701448c45f7912c6896a62de43add43bb9c86130c3e2 0.0s done
#7 DONE 0.0s

#8 [stage-1 2/3] COPY --from=builder /app/dist /usr/share/nginx/html
#8 CACHED

#9 [builder 4/6] RUN npm ci
#9 CACHED

#10 [builder 5/6] COPY . .
#10 CACHED

#11 [builder 6/6] RUN npm run build
#11 CACHED

#12 [builder 2/6] WORKDIR /app
#12 CACHED

#13 [builder 3/6] COPY package*.json ./
#13 CACHED

#14 [stage-1 3/3] COPY nginx.conf /etc/nginx/conf.d/default.conf
#14 CACHED

#15 exporting to image
#15 exporting layers done
#15 exporting manifest sha256:e5efa555abd7c41217b7318265a9042a09644d8d956c5e305dfc5ac4327d9f2e
#15 exporting manifest sha256:e5efa555abd7c41217b7318265a9042a09644d8d956c5e305dfc5ac4327d9f2e done
#15 exporting config sha256:d6d28303d886770b40ef0b283db28be1957e48370b7329fc2d5db2a6f41344f3 done
#15 exporting attestation manifest sha256:5a969f85315119ae7d24a137ee07f3b58b5a27d86f8fa436fbc9b18e65a65705 0.0s done
#15 exporting manifest list sha256:a8f980e2282d1487eda5551ba6c2022f8f7ab02a09b75669c895c4d342cfa702 0.0s done
#15 naming to docker.io/library/postgram-postgram-ui:latest done
#15 unpacking to docker.io/library/postgram-postgram-ui:latest done
#15 DONE 0.1s
----------------------------------------
Build complete! You can now import
cosmos-compose.json into Cosmos Cloud.
----------------------------------------
Rebuilding MCP Server image...
#0 building with "default" instance using docker driver

#1 [internal] load build definition from Dockerfile
#1 transferring dockerfile: 785B done
#1 DONE 0.0s

#2 [internal] load metadata for docker.io/library/node:22-alpine
#2 DONE 0.2s

#3 [internal] load .dockerignore
#3 transferring context: 2B done
#3 DONE 0.0s

#4 [builder 1/8] FROM docker.io/library/node:22-alpine@sha256:16e22a550f3863206a3f701448c45f7912c6896a62de43add43bb9c86130c3e2
#4 resolve docker.io/library/node:22-alpine@sha256:16e22a550f3863206a3f701448c45f7912c6896a62de43add43bb9c86130c3e2 0.0s done
#4 DONE 0.0s

#5 [internal] load build context
#5 transferring context: 3.11kB 0.0s done
#5 DONE 0.0s

#6 [stage-1 4/8] COPY --from=builder /app/dist ./dist
#6 CACHED

#7 [builder 7/8] COPY src ./src
#7 CACHED

#8 [stage-1 6/8] COPY --from=builder /app/package.json ./
#8 CACHED

#9 [stage-1 7/8] COPY src/db/migrations ./dist/db/migrations
#9 CACHED

#10 [stage-1 5/8] COPY --from=builder /app/node_modules ./node_modules
#10 CACHED

#11 [builder 3/8] COPY package.json package-lock.json ./
#11 CACHED

#12 [builder 6/8] COPY tsconfig.json tsconfig.build.json ./
#12 CACHED

#13 [builder 8/8] RUN npm run build
#13 CACHED

#14 [builder 2/8] WORKDIR /app
#14 CACHED

#15 [builder 5/8] RUN npm ci
#15 CACHED

#16 [stage-1 3/8] RUN apk add --no-cache tini
#16 CACHED

#17 [builder 4/8] COPY cli/package.json ./cli/package.json
#17 CACHED

#18 [stage-1 8/8] RUN chmod +x /app/dist/cli/admin/pgm-admin.js  && ln -s /app/dist/cli/admin/pgm-admin.js /usr/local/bin/pgm-admin
#18 CACHED

#19 exporting to image
#19 exporting layers done
#19 exporting manifest sha256:a71d4fa592ecd18386e41c29d8caa849f0138492d58c23de57660e6640f37894 done
#19 exporting config sha256:d37754ff05b906f431487d2e8f1d260b6a173d8f453449f5e4df12ca93f935b0 done
#19 exporting attestation manifest sha256:dab25bd6bdf3bbfe97cd770a3ac0ac0c5098ad36a6b60b59e282f04fce137d84 0.0s done
#19 exporting manifest list sha256:e55301b44cc51a297cb122a71a92b9902a14ccfeeedd49e140f52f8542dad5ac done
#19 naming to docker.io/library/postgram-mcp-server:latest done
#19 unpacking to docker.io/library/postgram-mcp-server:latest
#19 unpacking to docker.io/library/postgram-mcp-server:latest 0.0s done
#19 DONE 0.1s
Restarting containers...
 Container postgram-postgres-1 Running 
 Container postgram-ollama-1 Running 
 Container postgram-mcp-server-1 Recreate 
 Container postgram-mcp-server-1 Recreated 
 Container postgram-postgram-ui-1 Recreate 
 Container postgram-postgram-ui-1 Recreated 
 Container postgram-postgres-1 Waiting 
 Container postgram-postgres-1 Healthy 
 Container postgram-mcp-server-1 Starting 
 Container postgram-mcp-server-1 Started 
 Container postgram-postgram-ui-1 Starting 
 Container postgram-postgram-ui-1 Started 
=== Update complete ===
=== Checking for updates from upstream repository ===
From https://github.com/Haasie/postgram
 * branch            main       -> FETCH_HEAD
New updates found! Pulling changes...
No local changes to save
From https://github.com/Haasie/postgram
 * branch            main       -> FETCH_HEAD
Already up to date.
No stash entries found.
Warning: Stash pop had conflicts. You may need to resolve them manually in the editor.
Rebuilding UI image...
Building postgram-postgram-ui:latest locally...
#0 building with "default" instance using docker driver

#1 [internal] load build definition from Dockerfile
#1 transferring dockerfile: 271B done
#1 DONE 0.0s

#2 [internal] load metadata for docker.io/library/nginx:alpine
#2 ...

#3 [internal] load metadata for docker.io/library/node:22-alpine
#3 DONE 1.7s

#2 [internal] load metadata for docker.io/library/nginx:alpine
#2 DONE 2.2s

#4 [internal] load .dockerignore
#4 transferring context: 85B done
#4 DONE 0.0s

#5 [internal] load build context
#5 transferring context: 3.87kB 0.0s done
#5 DONE 0.0s

#6 [builder 1/6] FROM docker.io/library/node:22-alpine@sha256:16e22a550f3863206a3f701448c45f7912c6896a62de43add43bb9c86130c3e2
#6 resolve docker.io/library/node:22-alpine@sha256:16e22a550f3863206a3f701448c45f7912c6896a62de43add43bb9c86130c3e2 0.0s done
#6 DONE 0.0s

#7 [builder 2/6] WORKDIR /app
#7 CACHED

#8 [builder 3/6] COPY package*.json ./
#8 CACHED

#9 [builder 4/6] RUN npm ci
#9 CACHED

#10 [builder 5/6] COPY . .
#10 CACHED

#11 [builder 6/6] RUN npm run build
#11 CACHED

#12 [stage-1 1/3] FROM docker.io/library/nginx:alpine@sha256:7068961d45b07b2af510ac002e9daa63a1d3eba2111202d6768798690800fffd
#12 resolve docker.io/library/nginx:alpine@sha256:7068961d45b07b2af510ac002e9daa63a1d3eba2111202d6768798690800fffd 0.0s done
#12 DONE 0.1s

#12 [stage-1 1/3] FROM docker.io/library/nginx:alpine@sha256:7068961d45b07b2af510ac002e9daa63a1d3eba2111202d6768798690800fffd
#12 sha256:390dc935348d8070e695fbaae2a4bb114fb9e69c59f628e7576036ee9d5244c9 0B / 1.40kB 0.2s
#12 sha256:46519e7231d2eb5604df229beb44d59719a489eaa7aca52982535a010b07a9ed 0B / 20.31MB 0.2s
#12 sha256:d0008c891db48b5f526d914bce9e8d889fe1a9d1f08291ae03fe97f871726f38 0B / 1.21kB 0.2s
#12 sha256:62bec68d7c31c4c8a19d812d84da5f7748e54690c037979945b6c5b6c924b142 0B / 957B 0.2s
#12 sha256:390dc935348d8070e695fbaae2a4bb114fb9e69c59f628e7576036ee9d5244c9 1.40kB / 1.40kB 0.4s done
#12 sha256:46519e7231d2eb5604df229beb44d59719a489eaa7aca52982535a010b07a9ed 2.10MB / 20.31MB 0.3s
#12 sha256:d0008c891db48b5f526d914bce9e8d889fe1a9d1f08291ae03fe97f871726f38 1.21kB / 1.21kB 0.4s done
#12 sha256:62bec68d7c31c4c8a19d812d84da5f7748e54690c037979945b6c5b6c924b142 957B / 957B 0.4s done
#12 sha256:46519e7231d2eb5604df229beb44d59719a489eaa7aca52982535a010b07a9ed 5.24MB / 20.31MB 0.5s
#12 sha256:46f977ee452f4399c208714afa034868d6056864f8a0cf3c643ab143dd802c80 404B / 404B 0.1s done
#12 sha256:3cd534fe98c64d68a1f4f1c83abb8d5cba7ecfd7be88e592389929d12e6253da 0B / 1.89MB 0.2s
#12 sha256:46519e7231d2eb5604df229beb44d59719a489eaa7aca52982535a010b07a9ed 7.34MB / 20.31MB 0.6s
#12 sha256:1223f016b4e4a2c21f7c49d4837fbfd47a9da6436b511690ca1e582fc2810d59 627B / 627B 0.3s done
#12 sha256:46519e7231d2eb5604df229beb44d59719a489eaa7aca52982535a010b07a9ed 9.44MB / 20.31MB 0.8s
#12 sha256:3cd534fe98c64d68a1f4f1c83abb8d5cba7ecfd7be88e592389929d12e6253da 1.89MB / 1.89MB 0.4s done
#12 sha256:46519e7231d2eb5604df229beb44d59719a489eaa7aca52982535a010b07a9ed 12.58MB / 20.31MB 0.9s
#12 extracting sha256:3cd534fe98c64d68a1f4f1c83abb8d5cba7ecfd7be88e592389929d12e6253da
#12 sha256:46519e7231d2eb5604df229beb44d59719a489eaa7aca52982535a010b07a9ed 14.68MB / 20.31MB 1.1s
#12 extracting sha256:3cd534fe98c64d68a1f4f1c83abb8d5cba7ecfd7be88e592389929d12e6253da 0.1s done
#12 extracting sha256:1223f016b4e4a2c21f7c49d4837fbfd47a9da6436b511690ca1e582fc2810d59 0.0s done
#12 extracting sha256:62bec68d7c31c4c8a19d812d84da5f7748e54690c037979945b6c5b6c924b142 0.0s done
#12 extracting sha256:46f977ee452f4399c208714afa034868d6056864f8a0cf3c643ab143dd802c80 0.0s done
#12 extracting sha256:d0008c891db48b5f526d914bce9e8d889fe1a9d1f08291ae03fe97f871726f38 0.0s done
#12 extracting sha256:390dc935348d8070e695fbaae2a4bb114fb9e69c59f628e7576036ee9d5244c9 0.0s done
#12 sha256:46519e7231d2eb5604df229beb44d59719a489eaa7aca52982535a010b07a9ed 17.83MB / 20.31MB 1.2s
#12 sha256:46519e7231d2eb5604df229beb44d59719a489eaa7aca52982535a010b07a9ed 20.31MB / 20.31MB 1.3s done
#12 extracting sha256:46519e7231d2eb5604df229beb44d59719a489eaa7aca52982535a010b07a9ed
#12 extracting sha256:46519e7231d2eb5604df229beb44d59719a489eaa7aca52982535a010b07a9ed 0.4s done
#12 DONE 1.9s

#13 [stage-1 2/3] COPY --from=builder /app/dist /usr/share/nginx/html
#13 DONE 0.1s

#14 [stage-1 3/3] COPY nginx.conf /etc/nginx/conf.d/default.conf
#14 DONE 0.0s

#15 exporting to image
#15 exporting layers
#15 exporting layers 0.2s done
#15 exporting manifest sha256:998ea95256ee7b11b040672a9c0d6adf71d3ef43cd360ac55a2f6ad586b7f207 done
#15 exporting config sha256:6c283c931df887f09b0df431d101f7a9aea66b24cdb7dbcf09f15a7a3419a904 done
#15 exporting attestation manifest sha256:3861acfea97eeba5bb7b1efb4751667acfec8f37a722d68d92e6617fd7ef6d1f 0.0s done
#15 exporting manifest list sha256:014d0752a1a51c2523ea5dec09cbbb4fd892ea63901dfd773a1522bcd72ef72a done
#15 naming to docker.io/library/postgram-postgram-ui:latest done
#15 unpacking to docker.io/library/postgram-postgram-ui:latest 0.1s done
#15 DONE 0.3s
----------------------------------------
Build complete! You can now import
cosmos-compose.json into Cosmos Cloud.
----------------------------------------
Rebuilding MCP Server image...
#0 building with "default" instance using docker driver

#1 [internal] load build definition from Dockerfile
#1 transferring dockerfile: 785B done
#1 DONE 0.0s

#2 [internal] load metadata for docker.io/library/node:22-alpine
#2 DONE 0.2s

#3 [internal] load .dockerignore
#3 transferring context: 2B done
#3 DONE 0.0s

#4 [builder 1/8] FROM docker.io/library/node:22-alpine@sha256:16e22a550f3863206a3f701448c45f7912c6896a62de43add43bb9c86130c3e2
#4 resolve docker.io/library/node:22-alpine@sha256:16e22a550f3863206a3f701448c45f7912c6896a62de43add43bb9c86130c3e2 0.0s done
#4 DONE 0.0s

#5 [internal] load build context
#5 transferring context: 3.11kB 0.0s done
#5 DONE 0.0s

#6 [builder 8/8] RUN npm run build
#6 CACHED

#7 [stage-1 5/8] COPY --from=builder /app/node_modules ./node_modules
#7 CACHED

#8 [stage-1 3/8] RUN apk add --no-cache tini
#8 CACHED

#9 [stage-1 6/8] COPY --from=builder /app/package.json ./
#9 CACHED

#10 [builder 2/8] WORKDIR /app
#10 CACHED

#11 [stage-1 4/8] COPY --from=builder /app/dist ./dist
#11 CACHED

#12 [builder 5/8] RUN npm ci
#12 CACHED

#13 [builder 3/8] COPY package.json package-lock.json ./
#13 CACHED

#14 [builder 7/8] COPY src ./src
#14 CACHED

#15 [builder 6/8] COPY tsconfig.json tsconfig.build.json ./
#15 CACHED

#16 [builder 4/8] COPY cli/package.json ./cli/package.json
#16 CACHED

#17 [stage-1 7/8] COPY src/db/migrations ./dist/db/migrations
#17 CACHED

#18 [stage-1 8/8] RUN chmod +x /app/dist/cli/admin/pgm-admin.js  && ln -s /app/dist/cli/admin/pgm-admin.js /usr/local/bin/pgm-admin
#18 CACHED

#19 exporting to image
#19 exporting layers done
#19 exporting manifest sha256:a71d4fa592ecd18386e41c29d8caa849f0138492d58c23de57660e6640f37894 done
#19 exporting config sha256:d37754ff05b906f431487d2e8f1d260b6a173d8f453449f5e4df12ca93f935b0 done
#19 exporting attestation manifest sha256:ccdf272aeca92d1fa93e7e92fb4713f02783cd0d8214282a4a8ba689e31cd2a8
#19 exporting attestation manifest sha256:ccdf272aeca92d1fa93e7e92fb4713f02783cd0d8214282a4a8ba689e31cd2a8 0.0s done
#19 exporting manifest list sha256:1c23cdecc4531b0e372a4fa003b80390eda0a03c7e57cebc2a5a8fdd4001c9cc done
#19 naming to docker.io/library/postgram-mcp-server:latest done
#19 unpacking to docker.io/library/postgram-mcp-server:latest 0.0s done
#19 DONE 0.1s
Restarting containers...
 Container postgram-postgres-1 Running 
 Container postgram-ollama-1 Running 
 Container postgram-mcp-server-1 Recreate 
 Container postgram-mcp-server-1 Recreated 
 Container postgram-postgram-ui-1 Recreate 
 Container postgram-postgram-ui-1 Recreated 
 Container postgram-postgres-1 Waiting 
 Container postgram-postgres-1 Healthy 
 Container postgram-mcp-server-1 Starting 
 Container postgram-mcp-server-1 Started 
 Container postgram-postgram-ui-1 Starting 
 Container postgram-postgram-ui-1 Started 
=== Update complete ===
=== Checking for updates from upstream repository ===
From https://github.com/Haasie/postgram
 * branch            main       -> FETCH_HEAD
New updates found! Pulling changes...
No local changes to save
From https://github.com/Haasie/postgram
 * branch            main       -> FETCH_HEAD
Already up to date.
No stash entries found.
Warning: Stash pop had conflicts. You may need to resolve them manually in the editor.
Rebuilding UI image...
Building postgram-postgram-ui:latest locally...
#0 building with "default" instance using docker driver

#1 [internal] load build definition from Dockerfile
#1 transferring dockerfile: 271B done
#1 DONE 0.0s

#2 [internal] load metadata for docker.io/library/node:22-alpine
#2 DONE 0.8s

#3 [internal] load metadata for docker.io/library/nginx:alpine
#3 DONE 0.9s

#4 [internal] load .dockerignore
#4 transferring context: 85B done
#4 DONE 0.0s

#5 [internal] load build context
#5 transferring context: 3.87kB done
#5 DONE 0.0s

#6 [builder 1/6] FROM docker.io/library/node:22-alpine@sha256:16e22a550f3863206a3f701448c45f7912c6896a62de43add43bb9c86130c3e2
#6 resolve docker.io/library/node:22-alpine@sha256:16e22a550f3863206a3f701448c45f7912c6896a62de43add43bb9c86130c3e2 0.0s done
#6 DONE 0.0s

#7 [stage-1 1/3] FROM docker.io/library/nginx:alpine@sha256:7068961d45b07b2af510ac002e9daa63a1d3eba2111202d6768798690800fffd
#7 resolve docker.io/library/nginx:alpine@sha256:7068961d45b07b2af510ac002e9daa63a1d3eba2111202d6768798690800fffd 0.0s done
#7 DONE 0.0s

#8 [builder 4/6] RUN npm ci
#8 CACHED

#9 [builder 6/6] RUN npm run build
#9 CACHED

#10 [builder 5/6] COPY . .
#10 CACHED

#11 [builder 3/6] COPY package*.json ./
#11 CACHED

#12 [builder 2/6] WORKDIR /app
#12 CACHED

#13 [stage-1 2/3] COPY --from=builder /app/dist /usr/share/nginx/html
#13 CACHED

#14 [stage-1 3/3] COPY nginx.conf /etc/nginx/conf.d/default.conf
#14 CACHED

#15 exporting to image
#15 exporting layers done
#15 exporting manifest sha256:998ea95256ee7b11b040672a9c0d6adf71d3ef43cd360ac55a2f6ad586b7f207 done
#15 exporting config sha256:6c283c931df887f09b0df431d101f7a9aea66b24cdb7dbcf09f15a7a3419a904 done
#15 exporting attestation manifest sha256:8ca98583b7235dce89c6612b7a0d83bc1679ccf229b025cfa5da777b758f59fe 0.0s done
#15 exporting manifest list sha256:79d90e842af1aa179c32a13b4f4ca2aede409b3bb48b6c3c9e54b12745af3eff done
#15 naming to docker.io/library/postgram-postgram-ui:latest
#15 naming to docker.io/library/postgram-postgram-ui:latest done
#15 unpacking to docker.io/library/postgram-postgram-ui:latest done
#15 DONE 0.1s
----------------------------------------
Build complete! You can now import
cosmos-compose.json into Cosmos Cloud.
----------------------------------------
Rebuilding MCP Server image...
#0 building with "default" instance using docker driver

#1 [internal] load build definition from Dockerfile
#1 transferring dockerfile: 785B done
#1 DONE 0.0s

#2 [internal] load metadata for docker.io/library/node:22-alpine
#2 DONE 0.3s

#3 [internal] load .dockerignore
#3 transferring context: 2B done
#3 DONE 0.0s

#4 [builder 1/8] FROM docker.io/library/node:22-alpine@sha256:16e22a550f3863206a3f701448c45f7912c6896a62de43add43bb9c86130c3e2
#4 resolve docker.io/library/node:22-alpine@sha256:16e22a550f3863206a3f701448c45f7912c6896a62de43add43bb9c86130c3e2 0.0s done
#4 DONE 0.0s

#5 [internal] load build context
#5 transferring context: 3.11kB done
#5 DONE 0.0s

#6 [stage-1 3/8] RUN apk add --no-cache tini
#6 CACHED

#7 [stage-1 6/8] COPY --from=builder /app/package.json ./
#7 CACHED

#8 [builder 7/8] COPY src ./src
#8 CACHED

#9 [builder 4/8] COPY cli/package.json ./cli/package.json
#9 CACHED

#10 [builder 8/8] RUN npm run build
#10 CACHED

#11 [stage-1 5/8] COPY --from=builder /app/node_modules ./node_modules
#11 CACHED

#12 [builder 5/8] RUN npm ci
#12 CACHED

#13 [stage-1 4/8] COPY --from=builder /app/dist ./dist
#13 CACHED

#14 [builder 6/8] COPY tsconfig.json tsconfig.build.json ./
#14 CACHED

#15 [stage-1 7/8] COPY src/db/migrations ./dist/db/migrations
#15 CACHED

#16 [builder 2/8] WORKDIR /app
#16 CACHED

#17 [builder 3/8] COPY package.json package-lock.json ./
#17 CACHED

#18 [stage-1 8/8] RUN chmod +x /app/dist/cli/admin/pgm-admin.js  && ln -s /app/dist/cli/admin/pgm-admin.js /usr/local/bin/pgm-admin
#18 CACHED

#19 exporting to image
#19 exporting layers done
#19 exporting manifest sha256:a71d4fa592ecd18386e41c29d8caa849f0138492d58c23de57660e6640f37894 done
#19 exporting config sha256:d37754ff05b906f431487d2e8f1d260b6a173d8f453449f5e4df12ca93f935b0 done
#19 exporting attestation manifest sha256:5c600edca5214701ac80386ee02126ccc3d520082ffe9d8f4e89c9aa199ac09a 0.0s done
#19 exporting manifest list sha256:915ba882d9e1340aa8478f0f6226fdaef39725d8284add5a1608c8e6f70186aa done
#19 naming to docker.io/library/postgram-mcp-server:latest done
#19 unpacking to docker.io/library/postgram-mcp-server:latest done
#19 DONE 0.0s
Restarting containers...
 Container postgram-postgres-1 Running 
 Container postgram-ollama-1 Running 
 Container postgram-mcp-server-1 Recreate 
 Container postgram-mcp-server-1 Recreated 
 Container postgram-postgram-ui-1 Recreate 
 Container postgram-postgram-ui-1 Recreated 
 Container postgram-postgres-1 Waiting 
 Container postgram-postgres-1 Healthy 
 Container postgram-mcp-server-1 Starting 
 Container postgram-mcp-server-1 Started 
 Container postgram-postgram-ui-1 Starting 
 Container postgram-postgram-ui-1 Started 
=== Update complete ===
=== Checking for updates from upstream repository ===
From https://github.com/Haasie/postgram
 * branch            main       -> FETCH_HEAD
New updates found! Pulling changes...
No local changes to save
From https://github.com/Haasie/postgram
 * branch            main       -> FETCH_HEAD
Already up to date.
No stash entries found.
Warning: Stash pop had conflicts. You may need to resolve them manually in the editor.
Rebuilding UI image...
Building postgram-postgram-ui:latest locally...
#0 building with "default" instance using docker driver

#1 [internal] load build definition from Dockerfile
#1 transferring dockerfile: 271B done
#1 DONE 0.0s

#2 [internal] load metadata for docker.io/library/node:22-alpine
#2 DONE 0.9s

#3 [internal] load metadata for docker.io/library/nginx:alpine
#3 DONE 2.5s

#4 [internal] load .dockerignore
#4 transferring context: 85B done
#4 DONE 0.0s

#5 [internal] load build context
#5 transferring context: 3.87kB done
#5 DONE 0.0s

#6 [stage-1 1/3] FROM docker.io/library/nginx:alpine@sha256:4a73073bd557c65b759505da037898b61f1be6cbcc3c2c3aeac22d2a470c1752
#6 resolve docker.io/library/nginx:alpine@sha256:4a73073bd557c65b759505da037898b61f1be6cbcc3c2c3aeac22d2a470c1752 0.0s done
#6 DONE 0.0s

#7 [builder 1/6] FROM docker.io/library/node:22-alpine@sha256:16e22a550f3863206a3f701448c45f7912c6896a62de43add43bb9c86130c3e2
#7 resolve docker.io/library/node:22-alpine@sha256:16e22a550f3863206a3f701448c45f7912c6896a62de43add43bb9c86130c3e2 0.0s done
#7 DONE 0.0s

#8 [stage-1 2/3] COPY --from=builder /app/dist /usr/share/nginx/html
#8 CACHED

#9 [builder 2/6] WORKDIR /app
#9 CACHED

#10 [builder 3/6] COPY package*.json ./
#10 CACHED

#11 [builder 5/6] COPY . .
#11 CACHED

#12 [builder 6/6] RUN npm run build
#12 CACHED

#13 [builder 4/6] RUN npm ci
#13 CACHED

#14 [stage-1 3/3] COPY nginx.conf /etc/nginx/conf.d/default.conf
#14 CACHED

#15 exporting to image
#15 exporting layers done
#15 exporting manifest sha256:998ea95256ee7b11b040672a9c0d6adf71d3ef43cd360ac55a2f6ad586b7f207 done
#15 exporting config sha256:6c283c931df887f09b0df431d101f7a9aea66b24cdb7dbcf09f15a7a3419a904 done
#15 exporting attestation manifest sha256:37e3375d6e1e3f9c5d911886d86b82fe0b1e259a09437579bf2721a8961ee95e 0.0s done
#15 exporting manifest list sha256:ff9aa7a69b7e87b072d05cc8640a1cbaf9fb9d7bd92563c9ca2dad6cddb76c0e done
#15 naming to docker.io/library/postgram-postgram-ui:latest done
#15 unpacking to docker.io/library/postgram-postgram-ui:latest done
#15 DONE 0.0s
----------------------------------------
Build complete! You can now import
cosmos-compose.json into Cosmos Cloud.
----------------------------------------
Rebuilding MCP Server image...
#0 building with "default" instance using docker driver

#1 [internal] load build definition from Dockerfile
#1 transferring dockerfile: 785B done
#1 DONE 0.0s

#2 [internal] load metadata for docker.io/library/node:22-alpine
#2 DONE 0.2s

#3 [internal] load .dockerignore
#3 transferring context: 2B done
#3 DONE 0.0s

#4 [builder 1/8] FROM docker.io/library/node:22-alpine@sha256:16e22a550f3863206a3f701448c45f7912c6896a62de43add43bb9c86130c3e2
#4 resolve docker.io/library/node:22-alpine@sha256:16e22a550f3863206a3f701448c45f7912c6896a62de43add43bb9c86130c3e2 0.0s done
#4 DONE 0.0s

#5 [internal] load build context
#5 transferring context: 3.11kB done
#5 DONE 0.0s

#6 [builder 7/8] COPY src ./src
#6 CACHED

#7 [stage-1 6/8] COPY --from=builder /app/package.json ./
#7 CACHED

#8 [builder 4/8] COPY cli/package.json ./cli/package.json
#8 CACHED

#9 [stage-1 4/8] COPY --from=builder /app/dist ./dist
#9 CACHED

#10 [stage-1 7/8] COPY src/db/migrations ./dist/db/migrations
#10 CACHED

#11 [stage-1 3/8] RUN apk add --no-cache tini
#11 CACHED

#12 [builder 8/8] RUN npm run build
#12 CACHED

#13 [stage-1 5/8] COPY --from=builder /app/node_modules ./node_modules
#13 CACHED

#14 [builder 3/8] COPY package.json package-lock.json ./
#14 CACHED

#15 [builder 6/8] COPY tsconfig.json tsconfig.build.json ./
#15 CACHED

#16 [builder 5/8] RUN npm ci
#16 CACHED

#17 [builder 2/8] WORKDIR /app
#17 CACHED

#18 [stage-1 8/8] RUN chmod +x /app/dist/cli/admin/pgm-admin.js  && ln -s /app/dist/cli/admin/pgm-admin.js /usr/local/bin/pgm-admin
#18 CACHED

#19 exporting to image
#19 exporting layers done
#19 exporting manifest sha256:a71d4fa592ecd18386e41c29d8caa849f0138492d58c23de57660e6640f37894 done
#19 exporting config sha256:d37754ff05b906f431487d2e8f1d260b6a173d8f453449f5e4df12ca93f935b0 done
#19 exporting attestation manifest sha256:731d463a13eefece9f8ab6db2784ed48343e7bbd3fd2c8793203483d7c28e32e 0.0s done
#19 exporting manifest list sha256:ff9c1062bbc8696989947fe0e054ca70d0b651eb04a8c7508d846bb54e2f3882 done
#19 naming to docker.io/library/postgram-mcp-server:latest done
#19 unpacking to docker.io/library/postgram-mcp-server:latest done
#19 DONE 0.1s
Restarting containers...
 Container postgram-ollama-1 Running 
 Container postgram-postgres-1 Running 
 Container postgram-mcp-server-1 Recreate 
 Container postgram-mcp-server-1 Recreated 
 Container postgram-postgram-ui-1 Recreate 
 Container postgram-postgram-ui-1 Recreated 
 Container postgram-postgres-1 Waiting 
 Container postgram-postgres-1 Healthy 
 Container postgram-mcp-server-1 Starting 
 Container postgram-mcp-server-1 Started 
 Container postgram-postgram-ui-1 Starting 
 Container postgram-postgram-ui-1 Started 
=== Update complete ===
=== Checking for updates from upstream repository ===
From https://github.com/Haasie/postgram
 * branch            main       -> FETCH_HEAD
New updates found! Pulling changes...
No local changes to save
From https://github.com/Haasie/postgram
 * branch            main       -> FETCH_HEAD
Already up to date.
No stash entries found.
Warning: Stash pop had conflicts. You may need to resolve them manually in the editor.
Rebuilding UI image...
Building postgram-postgram-ui:latest locally...
#0 building with "default" instance using docker driver

#1 [internal] load build definition from Dockerfile
#1 transferring dockerfile: 271B done
#1 DONE 0.0s

#2 [internal] load metadata for docker.io/library/node:22-alpine
#2 DONE 0.7s

#3 [internal] load metadata for docker.io/library/nginx:alpine
#3 DONE 1.1s

#4 [internal] load .dockerignore
#4 transferring context: 85B done
#4 DONE 0.0s

#5 [internal] load build context
#5 transferring context: 3.87kB done
#5 DONE 0.0s

#6 [builder 1/6] FROM docker.io/library/node:22-alpine@sha256:16e22a550f3863206a3f701448c45f7912c6896a62de43add43bb9c86130c3e2
#6 resolve docker.io/library/node:22-alpine@sha256:16e22a550f3863206a3f701448c45f7912c6896a62de43add43bb9c86130c3e2 0.0s done
#6 DONE 0.0s

#7 [stage-1 1/3] FROM docker.io/library/nginx:alpine@sha256:4a73073bd557c65b759505da037898b61f1be6cbcc3c2c3aeac22d2a470c1752
#7 resolve docker.io/library/nginx:alpine@sha256:4a73073bd557c65b759505da037898b61f1be6cbcc3c2c3aeac22d2a470c1752 0.0s done
#7 DONE 0.0s

#8 [builder 2/6] WORKDIR /app
#8 CACHED

#9 [builder 6/6] RUN npm run build
#9 CACHED

#10 [builder 3/6] COPY package*.json ./
#10 CACHED

#11 [builder 4/6] RUN npm ci
#11 CACHED

#12 [stage-1 2/3] COPY --from=builder /app/dist /usr/share/nginx/html
#12 CACHED

#13 [builder 5/6] COPY . .
#13 CACHED

#14 [stage-1 3/3] COPY nginx.conf /etc/nginx/conf.d/default.conf
#14 CACHED

#15 exporting to image
#15 exporting layers done
#15 exporting manifest sha256:998ea95256ee7b11b040672a9c0d6adf71d3ef43cd360ac55a2f6ad586b7f207 done
#15 exporting config sha256:6c283c931df887f09b0df431d101f7a9aea66b24cdb7dbcf09f15a7a3419a904 done
#15 exporting attestation manifest sha256:528d61b65075435a072adbb33e0c2ad65246fee454fb976452de3eaeabfcf065 0.0s done
#15 exporting manifest list sha256:8191306689fd5b396cf58743fe72b556f8d971adedf8387121a59f3be384e8ef 0.0s done
#15 naming to docker.io/library/postgram-postgram-ui:latest done
#15 unpacking to docker.io/library/postgram-postgram-ui:latest done
#15 DONE 0.1s
----------------------------------------
Build complete! You can now import
cosmos-compose.json into Cosmos Cloud.
----------------------------------------
Rebuilding MCP Server image...
#0 building with "default" instance using docker driver

#1 [internal] load build definition from Dockerfile
#1 transferring dockerfile: 785B done
#1 DONE 0.0s

#2 [internal] load metadata for docker.io/library/node:22-alpine
#2 DONE 0.5s

#3 [internal] load .dockerignore
#3 transferring context: 2B done
#3 DONE 0.0s

#4 [builder 1/8] FROM docker.io/library/node:22-alpine@sha256:16e22a550f3863206a3f701448c45f7912c6896a62de43add43bb9c86130c3e2
#4 resolve docker.io/library/node:22-alpine@sha256:16e22a550f3863206a3f701448c45f7912c6896a62de43add43bb9c86130c3e2 0.0s done
#4 DONE 0.0s

#5 [internal] load build context
#5 transferring context: 3.11kB done
#5 DONE 0.0s

#6 [stage-1 3/8] RUN apk add --no-cache tini
#6 CACHED

#7 [builder 6/8] COPY tsconfig.json tsconfig.build.json ./
#7 CACHED

#8 [builder 8/8] RUN npm run build
#8 CACHED

#9 [builder 5/8] RUN npm ci
#9 CACHED

#10 [builder 7/8] COPY src ./src
#10 CACHED

#11 [stage-1 5/8] COPY --from=builder /app/node_modules ./node_modules
#11 CACHED

#12 [builder 4/8] COPY cli/package.json ./cli/package.json
#12 CACHED

#13 [stage-1 4/8] COPY --from=builder /app/dist ./dist
#13 CACHED

#14 [stage-1 7/8] COPY src/db/migrations ./dist/db/migrations
#14 CACHED

#15 [stage-1 6/8] COPY --from=builder /app/package.json ./
#15 CACHED

#16 [builder 2/8] WORKDIR /app
#16 CACHED

#17 [builder 3/8] COPY package.json package-lock.json ./
#17 CACHED

#18 [stage-1 8/8] RUN chmod +x /app/dist/cli/admin/pgm-admin.js  && ln -s /app/dist/cli/admin/pgm-admin.js /usr/local/bin/pgm-admin
#18 CACHED

#19 exporting to image
#19 exporting layers done
#19 exporting manifest sha256:a71d4fa592ecd18386e41c29d8caa849f0138492d58c23de57660e6640f37894 done
#19 exporting config sha256:d37754ff05b906f431487d2e8f1d260b6a173d8f453449f5e4df12ca93f935b0 done
#19 exporting attestation manifest sha256:fae888de78b87175fb05d3acd965e4fc17fb670747fe228ebc655b75642e73c2 0.0s done
#19 exporting manifest list sha256:9c75c64d9c8a32737ee84608534902ba628b62c1d0c0eb33ae3e292f33a8e600 done
#19 naming to docker.io/library/postgram-mcp-server:latest done
#19 unpacking to docker.io/library/postgram-mcp-server:latest 0.0s done
#19 DONE 0.1s
Restarting containers...
 Container postgram-postgres-1 Running 
 Container postgram-ollama-1 Running 
 Container postgram-mcp-server-1 Recreate 
 Container postgram-mcp-server-1 Recreated 
 Container postgram-postgram-ui-1 Recreate 
 Container postgram-postgram-ui-1 Recreated 
 Container postgram-postgres-1 Waiting 
 Container postgram-postgres-1 Healthy 
 Container postgram-mcp-server-1 Starting 
 Container postgram-mcp-server-1 Started 
 Container postgram-postgram-ui-1 Starting 
 Container postgram-postgram-ui-1 Started 
=== Update complete ===
=== Checking for updates from upstream repository ===
From https://github.com/Haasie/postgram
 * branch            main       -> FETCH_HEAD
New updates found! Pulling changes...
No local changes to save
From https://github.com/Haasie/postgram
 * branch            main       -> FETCH_HEAD
Already up to date.
No stash entries found.
Warning: Stash pop had conflicts. You may need to resolve them manually in the editor.
Rebuilding UI image...
Building postgram-postgram-ui:latest locally...
#0 building with "default" instance using docker driver

#1 [internal] load build definition from Dockerfile
#1 transferring dockerfile: 271B done
#1 DONE 0.0s

#2 [internal] load metadata for docker.io/library/node:22-alpine
#2 ...

#3 [internal] load metadata for docker.io/library/nginx:alpine
#3 DONE 1.3s

#2 [internal] load metadata for docker.io/library/node:22-alpine
#2 DONE 2.6s

#4 [internal] load .dockerignore
#4 transferring context: 85B done
#4 DONE 0.0s

#5 [internal] load build context
#5 transferring context: 3.87kB done
#5 DONE 0.0s

#6 [builder 1/6] FROM docker.io/library/node:22-alpine@sha256:16e22a550f3863206a3f701448c45f7912c6896a62de43add43bb9c86130c3e2
#6 resolve docker.io/library/node:22-alpine@sha256:16e22a550f3863206a3f701448c45f7912c6896a62de43add43bb9c86130c3e2 0.0s done
#6 DONE 0.0s

#7 [stage-1 1/3] FROM docker.io/library/nginx:alpine@sha256:4a73073bd557c65b759505da037898b61f1be6cbcc3c2c3aeac22d2a470c1752
#7 resolve docker.io/library/nginx:alpine@sha256:4a73073bd557c65b759505da037898b61f1be6cbcc3c2c3aeac22d2a470c1752 0.0s done
#7 DONE 0.0s

#8 [builder 3/6] COPY package*.json ./
#8 CACHED

#9 [builder 5/6] COPY . .
#9 CACHED

#10 [builder 6/6] RUN npm run build
#10 CACHED

#11 [builder 4/6] RUN npm ci
#11 CACHED

#12 [stage-1 2/3] COPY --from=builder /app/dist /usr/share/nginx/html
#12 CACHED

#13 [builder 2/6] WORKDIR /app
#13 CACHED

#14 [stage-1 3/3] COPY nginx.conf /etc/nginx/conf.d/default.conf
#14 CACHED

#15 exporting to image
#15 exporting layers done
#15 exporting manifest sha256:998ea95256ee7b11b040672a9c0d6adf71d3ef43cd360ac55a2f6ad586b7f207 done
#15 exporting config sha256:6c283c931df887f09b0df431d101f7a9aea66b24cdb7dbcf09f15a7a3419a904 done
#15 exporting attestation manifest sha256:0fea99adecf2eeaf7696eb4de49445053009b23bd092d57d8ab036268b14a7d2 0.0s done
#15 exporting manifest list sha256:d2c2f282734a5e365962208ff597f0e4e237a92974ba08d79f82a21d7e6c9b05 done
#15 naming to docker.io/library/postgram-postgram-ui:latest done
#15 unpacking to docker.io/library/postgram-postgram-ui:latest done
#15 DONE 0.1s
----------------------------------------
Build complete! You can now import
cosmos-compose.json into Cosmos Cloud.
----------------------------------------
Rebuilding MCP Server image...
#0 building with "default" instance using docker driver

#1 [internal] load build definition from Dockerfile
#1 transferring dockerfile: 785B done
#1 DONE 0.0s

#2 [internal] load metadata for docker.io/library/node:22-alpine
#2 DONE 0.2s

#3 [internal] load .dockerignore
#3 transferring context: 2B done
#3 DONE 0.0s

#4 [builder 1/8] FROM docker.io/library/node:22-alpine@sha256:16e22a550f3863206a3f701448c45f7912c6896a62de43add43bb9c86130c3e2
#4 resolve docker.io/library/node:22-alpine@sha256:16e22a550f3863206a3f701448c45f7912c6896a62de43add43bb9c86130c3e2 0.0s done
#4 DONE 0.0s

#5 [internal] load build context
#5 transferring context: 3.11kB done
#5 DONE 0.0s

#6 [builder 6/8] COPY tsconfig.json tsconfig.build.json ./
#6 CACHED

#7 [stage-1 7/8] COPY src/db/migrations ./dist/db/migrations
#7 CACHED

#8 [stage-1 3/8] RUN apk add --no-cache tini
#8 CACHED

#9 [builder 8/8] RUN npm run build
#9 CACHED

#10 [builder 4/8] COPY cli/package.json ./cli/package.json
#10 CACHED

#11 [builder 2/8] WORKDIR /app
#11 CACHED

#12 [builder 3/8] COPY package.json package-lock.json ./
#12 CACHED

#13 [builder 7/8] COPY src ./src
#13 CACHED

#14 [stage-1 5/8] COPY --from=builder /app/node_modules ./node_modules
#14 CACHED

#15 [stage-1 4/8] COPY --from=builder /app/dist ./dist
#15 CACHED

#16 [stage-1 6/8] COPY --from=builder /app/package.json ./
#16 CACHED

#17 [builder 5/8] RUN npm ci
#17 CACHED

#18 [stage-1 8/8] RUN chmod +x /app/dist/cli/admin/pgm-admin.js  && ln -s /app/dist/cli/admin/pgm-admin.js /usr/local/bin/pgm-admin
#18 CACHED

#19 exporting to image
#19 exporting layers done
#19 exporting manifest sha256:a71d4fa592ecd18386e41c29d8caa849f0138492d58c23de57660e6640f37894 done
#19 exporting config sha256:d37754ff05b906f431487d2e8f1d260b6a173d8f453449f5e4df12ca93f935b0 done
#19 exporting attestation manifest sha256:968e2be624a136e53639c23fa431f2d74aa1febfa4977728627fc4fef3dba33b 0.0s done
#19 exporting manifest list sha256:820529365086856fcc3ab6371521e9d7a2e4a80f7b6a1346c0f41286bc5019e3 done
#19 naming to docker.io/library/postgram-mcp-server:latest done
#19 unpacking to docker.io/library/postgram-mcp-server:latest done
#19 DONE 0.1s
Restarting containers...
 Container postgram-postgres-1 Running 
 Container postgram-ollama-1 Running 
 Container postgram-mcp-server-1 Recreate 
 Container postgram-mcp-server-1 Recreated 
 Container postgram-postgram-ui-1 Recreate 
 Container postgram-postgram-ui-1 Recreated 
 Container postgram-postgres-1 Waiting 
 Container postgram-postgres-1 Healthy 
 Container postgram-mcp-server-1 Starting 
 Container postgram-mcp-server-1 Started 
 Container postgram-postgram-ui-1 Starting 
 Container postgram-postgram-ui-1 Started 
=== Update complete ===
=== Checking for updates from upstream repository ===
From https://github.com/Haasie/postgram
 * branch            main       -> FETCH_HEAD
New updates found! Pulling changes...
No local changes to save
From https://github.com/Haasie/postgram
 * branch            main       -> FETCH_HEAD
Already up to date.
No stash entries found.
Warning: Stash pop had conflicts. You may need to resolve them manually in the editor.
Rebuilding UI image...
Building postgram-postgram-ui:latest locally...
#0 building with "default" instance using docker driver

#1 [internal] load build definition from Dockerfile
#1 transferring dockerfile: 271B done
#1 DONE 0.0s

#2 [internal] load metadata for docker.io/library/nginx:alpine
#2 ...

#3 [internal] load metadata for docker.io/library/node:22-alpine
#3 DONE 0.8s

#2 [internal] load metadata for docker.io/library/nginx:alpine
#2 DONE 1.0s

#4 [internal] load .dockerignore
#4 transferring context: 85B done
#4 DONE 0.0s

#5 [internal] load build context
#5 transferring context: 3.87kB done
#5 DONE 0.0s

#6 [builder 1/6] FROM docker.io/library/node:22-alpine@sha256:16e22a550f3863206a3f701448c45f7912c6896a62de43add43bb9c86130c3e2
#6 resolve docker.io/library/node:22-alpine@sha256:16e22a550f3863206a3f701448c45f7912c6896a62de43add43bb9c86130c3e2 0.0s done
#6 DONE 0.0s

#7 [stage-1 1/3] FROM docker.io/library/nginx:alpine@sha256:4a73073bd557c65b759505da037898b61f1be6cbcc3c2c3aeac22d2a470c1752
#7 resolve docker.io/library/nginx:alpine@sha256:4a73073bd557c65b759505da037898b61f1be6cbcc3c2c3aeac22d2a470c1752 0.0s done
#7 DONE 0.0s

#8 [builder 4/6] RUN npm ci
#8 CACHED

#9 [builder 5/6] COPY . .
#9 CACHED

#10 [stage-1 2/3] COPY --from=builder /app/dist /usr/share/nginx/html
#10 CACHED

#11 [builder 3/6] COPY package*.json ./
#11 CACHED

#12 [builder 2/6] WORKDIR /app
#12 CACHED

#13 [builder 6/6] RUN npm run build
#13 CACHED

#14 [stage-1 3/3] COPY nginx.conf /etc/nginx/conf.d/default.conf
#14 CACHED

#15 exporting to image
#15 exporting layers done
#15 exporting manifest sha256:998ea95256ee7b11b040672a9c0d6adf71d3ef43cd360ac55a2f6ad586b7f207 done
#15 exporting config sha256:6c283c931df887f09b0df431d101f7a9aea66b24cdb7dbcf09f15a7a3419a904 done
#15 exporting attestation manifest sha256:742f1deaf8a37cee1ef42b1ea2d1b12365966bcbc5595b6c5957e7ca66fd19de 0.0s done
#15 exporting manifest list sha256:86737baf1d13012be9e58c414a12dc678f716262c6763048b0b957ccea4c6d47 done
#15 naming to docker.io/library/postgram-postgram-ui:latest done
#15 unpacking to docker.io/library/postgram-postgram-ui:latest done
#15 DONE 0.1s
----------------------------------------
Build complete! You can now import
cosmos-compose.json into Cosmos Cloud.
----------------------------------------
Rebuilding MCP Server image...
#0 building with "default" instance using docker driver

#1 [internal] load build definition from Dockerfile
#1 transferring dockerfile: 785B done
#1 DONE 0.0s

#2 [internal] load metadata for docker.io/library/node:22-alpine
#2 DONE 0.3s

#3 [internal] load .dockerignore
#3 transferring context: 2B done
#3 DONE 0.0s

#4 [builder 1/8] FROM docker.io/library/node:22-alpine@sha256:16e22a550f3863206a3f701448c45f7912c6896a62de43add43bb9c86130c3e2
#4 resolve docker.io/library/node:22-alpine@sha256:16e22a550f3863206a3f701448c45f7912c6896a62de43add43bb9c86130c3e2 0.0s done
#4 DONE 0.0s

#5 [internal] load build context
#5 transferring context: 3.11kB done
#5 DONE 0.0s

#6 [builder 3/8] COPY package.json package-lock.json ./
#6 CACHED

#7 [stage-1 7/8] COPY src/db/migrations ./dist/db/migrations
#7 CACHED

#8 [stage-1 6/8] COPY --from=builder /app/package.json ./
#8 CACHED

#9 [builder 7/8] COPY src ./src
#9 CACHED

#10 [stage-1 5/8] COPY --from=builder /app/node_modules ./node_modules
#10 CACHED

#11 [builder 2/8] WORKDIR /app
#11 CACHED

#12 [builder 8/8] RUN npm run build
#12 CACHED

#13 [builder 6/8] COPY tsconfig.json tsconfig.build.json ./
#13 CACHED

#14 [stage-1 4/8] COPY --from=builder /app/dist ./dist
#14 CACHED

#15 [builder 5/8] RUN npm ci
#15 CACHED

#16 [stage-1 3/8] RUN apk add --no-cache tini
#16 CACHED

#17 [builder 4/8] COPY cli/package.json ./cli/package.json
#17 CACHED

#18 [stage-1 8/8] RUN chmod +x /app/dist/cli/admin/pgm-admin.js  && ln -s /app/dist/cli/admin/pgm-admin.js /usr/local/bin/pgm-admin
#18 CACHED

#19 exporting to image
#19 exporting layers done
#19 exporting manifest sha256:a71d4fa592ecd18386e41c29d8caa849f0138492d58c23de57660e6640f37894 done
#19 exporting config sha256:d37754ff05b906f431487d2e8f1d260b6a173d8f453449f5e4df12ca93f935b0 done
#19 exporting attestation manifest sha256:295624d921d234963a74fa8146c56e850ec787b197acd8dfe9ebedc3467c7be3 0.0s done
#19 exporting manifest list sha256:b437a2ca2289816f4566e6d03eed7adcc5a59e4614fa2b2f4d71ce690cf6b251 done
#19 naming to docker.io/library/postgram-mcp-server:latest done
#19 unpacking to docker.io/library/postgram-mcp-server:latest done
#19 DONE 0.0s
Restarting containers...
 Container postgram-postgres-1 Running 
 Container postgram-ollama-1 Running 
 Container postgram-mcp-server-1 Recreate 
 Container postgram-mcp-server-1 Recreated 
 Container postgram-postgram-ui-1 Recreate 
 Container postgram-postgram-ui-1 Recreated 
 Container postgram-postgres-1 Waiting 
 Container postgram-postgres-1 Healthy 
 Container postgram-mcp-server-1 Starting 
 Container postgram-mcp-server-1 Started 
 Container postgram-postgram-ui-1 Starting 
 Container postgram-postgram-ui-1 Started 
=== Update complete ===
=== Checking for updates from upstream repository ===
From https://github.com/Haasie/postgram
 * branch            main       -> FETCH_HEAD
New updates found! Pulling changes...
No local changes to save
From https://github.com/Haasie/postgram
 * branch            main       -> FETCH_HEAD
Already up to date.
No stash entries found.
Warning: Stash pop had conflicts. You may need to resolve them manually in the editor.
Rebuilding UI image...
Building postgram-postgram-ui:latest locally...
#0 building with "default" instance using docker driver

#1 [internal] load build definition from Dockerfile
#1 transferring dockerfile: 271B done
#1 DONE 0.0s

#2 [internal] load metadata for docker.io/library/nginx:alpine
#2 ...

#3 [internal] load metadata for docker.io/library/node:22-alpine
#3 DONE 0.9s

#2 [internal] load metadata for docker.io/library/nginx:alpine
#2 DONE 1.3s

#4 [internal] load .dockerignore
#4 transferring context: 85B done
#4 DONE 0.0s

#5 [internal] load build context
#5 transferring context: 3.87kB done
#5 DONE 0.0s

#6 [stage-1 1/3] FROM docker.io/library/nginx:alpine@sha256:4a73073bd557c65b759505da037898b61f1be6cbcc3c2c3aeac22d2a470c1752
#6 resolve docker.io/library/nginx:alpine@sha256:4a73073bd557c65b759505da037898b61f1be6cbcc3c2c3aeac22d2a470c1752 0.0s done
#6 DONE 0.0s

#7 [builder 1/6] FROM docker.io/library/node:22-alpine@sha256:16e22a550f3863206a3f701448c45f7912c6896a62de43add43bb9c86130c3e2
#7 resolve docker.io/library/node:22-alpine@sha256:16e22a550f3863206a3f701448c45f7912c6896a62de43add43bb9c86130c3e2 0.0s done
#7 DONE 0.0s

#8 [builder 2/6] WORKDIR /app
#8 CACHED

#9 [stage-1 2/3] COPY --from=builder /app/dist /usr/share/nginx/html
#9 CACHED

#10 [builder 3/6] COPY package*.json ./
#10 CACHED

#11 [builder 4/6] RUN npm ci
#11 CACHED

#12 [builder 5/6] COPY . .
#12 CACHED

#13 [builder 6/6] RUN npm run build
#13 CACHED

#14 [stage-1 3/3] COPY nginx.conf /etc/nginx/conf.d/default.conf
#14 CACHED

#15 exporting to image
#15 exporting layers done
#15 exporting manifest sha256:998ea95256ee7b11b040672a9c0d6adf71d3ef43cd360ac55a2f6ad586b7f207 done
#15 exporting config sha256:6c283c931df887f09b0df431d101f7a9aea66b24cdb7dbcf09f15a7a3419a904 done
#15 exporting attestation manifest sha256:d3084563cd8f9e28ed73918f2e6157f391e97778ce7dc67c0516266730213386 0.0s done
#15 exporting manifest list sha256:dfccf8079dfbb597798fccd4b18d970b38b4bcd1535b3b466db7053b52023072 done
#15 naming to docker.io/library/postgram-postgram-ui:latest done
#15 unpacking to docker.io/library/postgram-postgram-ui:latest done
#15 DONE 0.1s
----------------------------------------
Build complete! You can now import
cosmos-compose.json into Cosmos Cloud.
----------------------------------------
Rebuilding MCP Server image...
#0 building with "default" instance using docker driver

#1 [internal] load build definition from Dockerfile
#1 transferring dockerfile: 785B done
#1 DONE 0.0s

#2 [internal] load metadata for docker.io/library/node:22-alpine
#2 DONE 0.4s

#3 [internal] load .dockerignore
#3 transferring context: 2B done
#3 DONE 0.0s

#4 [builder 1/8] FROM docker.io/library/node:22-alpine@sha256:16e22a550f3863206a3f701448c45f7912c6896a62de43add43bb9c86130c3e2
#4 resolve docker.io/library/node:22-alpine@sha256:16e22a550f3863206a3f701448c45f7912c6896a62de43add43bb9c86130c3e2 0.0s done
#4 DONE 0.0s

#5 [internal] load build context
#5 transferring context: 3.11kB done
#5 DONE 0.0s

#6 [builder 8/8] RUN npm run build
#6 CACHED

#7 [stage-1 6/8] COPY --from=builder /app/package.json ./
#7 CACHED

#8 [builder 3/8] COPY package.json package-lock.json ./
#8 CACHED

#9 [builder 2/8] WORKDIR /app
#9 CACHED

#10 [builder 4/8] COPY cli/package.json ./cli/package.json
#10 CACHED

#11 [builder 5/8] RUN npm ci
#11 CACHED

#12 [stage-1 5/8] COPY --from=builder /app/node_modules ./node_modules
#12 CACHED

#13 [stage-1 3/8] RUN apk add --no-cache tini
#13 CACHED

#14 [stage-1 4/8] COPY --from=builder /app/dist ./dist
#14 CACHED

#15 [builder 6/8] COPY tsconfig.json tsconfig.build.json ./
#15 CACHED

#16 [stage-1 7/8] COPY src/db/migrations ./dist/db/migrations
#16 CACHED

#17 [builder 7/8] COPY src ./src
#17 CACHED

#18 [stage-1 8/8] RUN chmod +x /app/dist/cli/admin/pgm-admin.js  && ln -s /app/dist/cli/admin/pgm-admin.js /usr/local/bin/pgm-admin
#18 CACHED

#19 exporting to image
#19 exporting layers done
#19 exporting manifest sha256:a71d4fa592ecd18386e41c29d8caa849f0138492d58c23de57660e6640f37894 done
#19 exporting config sha256:d37754ff05b906f431487d2e8f1d260b6a173d8f453449f5e4df12ca93f935b0 done
#19 exporting attestation manifest sha256:d1ead7d602e3da9777d261525ef489e47e499aaee1b9d0c8dca39065d9746687 0.0s done
#19 exporting manifest list sha256:f9d977220e544051dec580a7c4b86633920b11a01964cb4d47f083a0350e9378 done
#19 naming to docker.io/library/postgram-mcp-server:latest done
#19 unpacking to docker.io/library/postgram-mcp-server:latest done
#19 DONE 0.0s
Restarting containers...
 Container postgram-postgres-1 Running 
 Container postgram-ollama-1 Running 
 Container postgram-mcp-server-1 Recreate 
 Container postgram-mcp-server-1 Recreated 
 Container postgram-postgram-ui-1 Recreate 
 Container postgram-postgram-ui-1 Recreated 
 Container postgram-postgres-1 Waiting 
 Container postgram-postgres-1 Healthy 
 Container postgram-mcp-server-1 Starting 
 Container postgram-mcp-server-1 Started 
 Container postgram-postgram-ui-1 Starting 
 Container postgram-postgram-ui-1 Started 
=== Update complete ===
=== Checking for updates from upstream repository ===
From https://github.com/Haasie/postgram
 * branch            main       -> FETCH_HEAD
New updates found! Pulling changes...
No local changes to save
From https://github.com/Haasie/postgram
 * branch            main       -> FETCH_HEAD
Already up to date.
No stash entries found.
Warning: Stash pop had conflicts. You may need to resolve them manually in the editor.
Rebuilding UI image...
Building postgram-postgram-ui:latest locally...
#0 building with "default" instance using docker driver

#1 [internal] load build definition from Dockerfile
#1 transferring dockerfile: 271B done
#1 DONE 0.0s

#2 [internal] load metadata for docker.io/library/nginx:alpine
#2 DONE 1.0s

#3 [internal] load metadata for docker.io/library/node:22-alpine
#3 DONE 1.0s

#4 [internal] load .dockerignore
#4 transferring context: 85B done
#4 DONE 0.0s

#5 [internal] load build context
#5 transferring context: 3.87kB done
#5 DONE 0.0s

#6 [builder 1/6] FROM docker.io/library/node:22-alpine@sha256:16e22a550f3863206a3f701448c45f7912c6896a62de43add43bb9c86130c3e2
#6 resolve docker.io/library/node:22-alpine@sha256:16e22a550f3863206a3f701448c45f7912c6896a62de43add43bb9c86130c3e2 0.0s done
#6 DONE 0.0s

#7 [stage-1 1/3] FROM docker.io/library/nginx:alpine@sha256:4a73073bd557c65b759505da037898b61f1be6cbcc3c2c3aeac22d2a470c1752
#7 resolve docker.io/library/nginx:alpine@sha256:4a73073bd557c65b759505da037898b61f1be6cbcc3c2c3aeac22d2a470c1752 0.0s done
#7 DONE 0.0s

#8 [builder 2/6] WORKDIR /app
#8 CACHED

#9 [builder 3/6] COPY package*.json ./
#9 CACHED

#10 [builder 6/6] RUN npm run build
#10 CACHED

#11 [builder 5/6] COPY . .
#11 CACHED

#12 [builder 4/6] RUN npm ci
#12 CACHED

#13 [stage-1 2/3] COPY --from=builder /app/dist /usr/share/nginx/html
#13 CACHED

#14 [stage-1 3/3] COPY nginx.conf /etc/nginx/conf.d/default.conf
#14 CACHED

#15 exporting to image
#15 exporting layers done
#15 exporting manifest sha256:998ea95256ee7b11b040672a9c0d6adf71d3ef43cd360ac55a2f6ad586b7f207 done
#15 exporting config sha256:6c283c931df887f09b0df431d101f7a9aea66b24cdb7dbcf09f15a7a3419a904 done
#15 exporting attestation manifest sha256:8ccc2135ef72345e500d31be92e83fedff0c1523db4fcdb3ca03bb338dc3b803 0.0s done
#15 exporting manifest list sha256:878af4e5814fc7c94cd04b6e0a54cc6b8803b129535a55cd12dec6e0523488f4 done
#15 naming to docker.io/library/postgram-postgram-ui:latest done
#15 unpacking to docker.io/library/postgram-postgram-ui:latest done
#15 DONE 0.1s
----------------------------------------
Build complete! You can now import
cosmos-compose.json into Cosmos Cloud.
----------------------------------------
Rebuilding MCP Server image...
#0 building with "default" instance using docker driver

#1 [internal] load build definition from Dockerfile
#1 transferring dockerfile: 785B done
#1 DONE 0.0s

#2 [internal] load metadata for docker.io/library/node:22-alpine
#2 DONE 0.2s

#3 [internal] load .dockerignore
#3 transferring context: 2B done
#3 DONE 0.0s

#4 [builder 1/8] FROM docker.io/library/node:22-alpine@sha256:16e22a550f3863206a3f701448c45f7912c6896a62de43add43bb9c86130c3e2
#4 resolve docker.io/library/node:22-alpine@sha256:16e22a550f3863206a3f701448c45f7912c6896a62de43add43bb9c86130c3e2 0.0s done
#4 DONE 0.0s

#5 [internal] load build context
#5 transferring context: 3.11kB done
#5 DONE 0.0s

#6 [stage-1 5/8] COPY --from=builder /app/node_modules ./node_modules
#6 CACHED

#7 [builder 6/8] COPY tsconfig.json tsconfig.build.json ./
#7 CACHED

#8 [stage-1 4/8] COPY --from=builder /app/dist ./dist
#8 CACHED

#9 [builder 4/8] COPY cli/package.json ./cli/package.json
#9 CACHED

#10 [builder 3/8] COPY package.json package-lock.json ./
#10 CACHED

#11 [builder 2/8] WORKDIR /app
#11 CACHED

#12 [stage-1 6/8] COPY --from=builder /app/package.json ./
#12 CACHED

#13 [builder 8/8] RUN npm run build
#13 CACHED

#14 [builder 7/8] COPY src ./src
#14 CACHED

#15 [stage-1 3/8] RUN apk add --no-cache tini
#15 CACHED

#16 [builder 5/8] RUN npm ci
#16 CACHED

#17 [stage-1 7/8] COPY src/db/migrations ./dist/db/migrations
#17 CACHED

#18 [stage-1 8/8] RUN chmod +x /app/dist/cli/admin/pgm-admin.js  && ln -s /app/dist/cli/admin/pgm-admin.js /usr/local/bin/pgm-admin
#18 CACHED

#19 exporting to image
#19 exporting layers done
#19 exporting manifest sha256:a71d4fa592ecd18386e41c29d8caa849f0138492d58c23de57660e6640f37894 done
#19 exporting config sha256:d37754ff05b906f431487d2e8f1d260b6a173d8f453449f5e4df12ca93f935b0 done
#19 exporting attestation manifest sha256:d6ac2ec71173473818c1bbd25ede7b504e90a16582e2f4f78d2343066bf1cc38 0.0s done
#19 exporting manifest list sha256:08749c049a5fe5759200db16389f345c69e60129a7ad337172fa83fd847bb258 done
#19 naming to docker.io/library/postgram-mcp-server:latest done
#19 unpacking to docker.io/library/postgram-mcp-server:latest done
#19 DONE 0.1s
Restarting containers...
 Container postgram-postgres-1 Running 
 Container postgram-ollama-1 Running 
 Container postgram-mcp-server-1 Recreate 
 Container postgram-mcp-server-1 Recreated 
 Container postgram-postgram-ui-1 Recreate 
 Container postgram-postgram-ui-1 Recreated 
 Container postgram-postgres-1 Waiting 
 Container postgram-postgres-1 Healthy 
 Container postgram-mcp-server-1 Starting 
 Container postgram-mcp-server-1 Started 
 Container postgram-postgram-ui-1 Starting 
 Container postgram-postgram-ui-1 Started 
=== Update complete ===
=== Checking for updates from upstream repository ===
From https://github.com/Haasie/postgram
 * branch            main       -> FETCH_HEAD
New updates found! Pulling changes...
No local changes to save
From https://github.com/Haasie/postgram
 * branch            main       -> FETCH_HEAD
Already up to date.
No stash entries found.
Warning: Stash pop had conflicts. You may need to resolve them manually in the editor.
Rebuilding UI image...
Building postgram-postgram-ui:latest locally...
#0 building with "default" instance using docker driver

#1 [internal] load build definition from Dockerfile
#1 transferring dockerfile: 271B done
#1 DONE 0.0s

#2 [internal] load metadata for docker.io/library/nginx:alpine
#2 ...

#3 [internal] load metadata for docker.io/library/node:22-alpine
#3 DONE 0.8s

#2 [internal] load metadata for docker.io/library/nginx:alpine
#2 DONE 1.0s

#4 [internal] load .dockerignore
#4 transferring context: 85B done
#4 DONE 0.0s

#5 [internal] load build context
#5 transferring context: 3.87kB done
#5 DONE 0.0s

#6 [builder 1/6] FROM docker.io/library/node:22-alpine@sha256:16e22a550f3863206a3f701448c45f7912c6896a62de43add43bb9c86130c3e2
#6 resolve docker.io/library/node:22-alpine@sha256:16e22a550f3863206a3f701448c45f7912c6896a62de43add43bb9c86130c3e2 0.0s done
#6 DONE 0.0s

#7 [stage-1 1/3] FROM docker.io/library/nginx:alpine@sha256:4a73073bd557c65b759505da037898b61f1be6cbcc3c2c3aeac22d2a470c1752
#7 resolve docker.io/library/nginx:alpine@sha256:4a73073bd557c65b759505da037898b61f1be6cbcc3c2c3aeac22d2a470c1752 0.0s done
#7 DONE 0.0s

#8 [builder 5/6] COPY . .
#8 CACHED

#9 [builder 3/6] COPY package*.json ./
#9 CACHED

#10 [builder 4/6] RUN npm ci
#10 CACHED

#11 [builder 6/6] RUN npm run build
#11 CACHED

#12 [stage-1 2/3] COPY --from=builder /app/dist /usr/share/nginx/html
#12 CACHED

#13 [builder 2/6] WORKDIR /app
#13 CACHED

#14 [stage-1 3/3] COPY nginx.conf /etc/nginx/conf.d/default.conf
#14 CACHED

#15 exporting to image
#15 exporting layers done
#15 exporting manifest sha256:998ea95256ee7b11b040672a9c0d6adf71d3ef43cd360ac55a2f6ad586b7f207 done
#15 exporting config sha256:6c283c931df887f09b0df431d101f7a9aea66b24cdb7dbcf09f15a7a3419a904 done
#15 exporting attestation manifest sha256:ce2a9bd712a8c5fbf10a51b1c0a8c1c98355eef9d6622e26d3bc407575e746ac 0.0s done
#15 exporting manifest list sha256:d5bcad1886719bb07a054b3c92aa47f58701945e6f7f6f57639669a52473ee5b done
#15 naming to docker.io/library/postgram-postgram-ui:latest done
#15 unpacking to docker.io/library/postgram-postgram-ui:latest done
#15 DONE 0.1s
----------------------------------------
Build complete! You can now import
cosmos-compose.json into Cosmos Cloud.
----------------------------------------
Rebuilding MCP Server image...
#0 building with "default" instance using docker driver

#1 [internal] load build definition from Dockerfile
#1 transferring dockerfile: 785B done
#1 DONE 0.0s

#2 [internal] load metadata for docker.io/library/node:22-alpine
#2 DONE 0.2s

#3 [internal] load .dockerignore
#3 transferring context: 2B done
#3 DONE 0.0s

#4 [builder 1/8] FROM docker.io/library/node:22-alpine@sha256:16e22a550f3863206a3f701448c45f7912c6896a62de43add43bb9c86130c3e2
#4 resolve docker.io/library/node:22-alpine@sha256:16e22a550f3863206a3f701448c45f7912c6896a62de43add43bb9c86130c3e2 0.0s done
#4 DONE 0.0s

#5 [internal] load build context
#5 transferring context: 3.11kB done
#5 DONE 0.0s

#6 [builder 2/8] WORKDIR /app
#6 CACHED

#7 [builder 7/8] COPY src ./src
#7 CACHED

#8 [builder 5/8] RUN npm ci
#8 CACHED

#9 [stage-1 3/8] RUN apk add --no-cache tini
#9 CACHED

#10 [stage-1 4/8] COPY --from=builder /app/dist ./dist
#10 CACHED

#11 [stage-1 5/8] COPY --from=builder /app/node_modules ./node_modules
#11 CACHED

#12 [stage-1 6/8] COPY --from=builder /app/package.json ./
#12 CACHED

#13 [stage-1 7/8] COPY src/db/migrations ./dist/db/migrations
#13 CACHED

#14 [builder 8/8] RUN npm run build
#14 CACHED

#15 [builder 6/8] COPY tsconfig.json tsconfig.build.json ./
#15 CACHED

#16 [builder 3/8] COPY package.json package-lock.json ./
#16 CACHED

#17 [builder 4/8] COPY cli/package.json ./cli/package.json
#17 CACHED

#18 [stage-1 8/8] RUN chmod +x /app/dist/cli/admin/pgm-admin.js  && ln -s /app/dist/cli/admin/pgm-admin.js /usr/local/bin/pgm-admin
#18 CACHED

#19 exporting to image
#19 exporting layers done
#19 exporting manifest sha256:a71d4fa592ecd18386e41c29d8caa849f0138492d58c23de57660e6640f37894 done
#19 exporting config sha256:d37754ff05b906f431487d2e8f1d260b6a173d8f453449f5e4df12ca93f935b0 done
#19 exporting attestation manifest sha256:04bb1b0e77a80fcd92242c1e7b78947a0e6f0bcd39e3636ce6e548d09d1ff24c 0.0s done
#19 exporting manifest list sha256:18b8e908e1757159c8912fc6a254bd09ac9e804a2ed0f42fc0f6831ce02f702e done
#19 naming to docker.io/library/postgram-mcp-server:latest done
#19 unpacking to docker.io/library/postgram-mcp-server:latest done
#19 DONE 0.1s
Restarting containers...
 Container postgram-ollama-1 Running 
 Container postgram-postgres-1 Running 
 Container postgram-mcp-server-1 Recreate 
 Container postgram-mcp-server-1 Recreated 
 Container postgram-postgram-ui-1 Recreate 
 Container postgram-postgram-ui-1 Recreated 
 Container postgram-postgres-1 Waiting 
 Container postgram-postgres-1 Healthy 
 Container postgram-mcp-server-1 Starting 
 Container postgram-mcp-server-1 Started 
 Container postgram-postgram-ui-1 Starting 
 Container postgram-postgram-ui-1 Started 
=== Update complete ===
=== Checking for updates from upstream repository ===
From https://github.com/Haasie/postgram
 * branch            main       -> FETCH_HEAD
New updates found! Pulling changes...
No local changes to save
From https://github.com/Haasie/postgram
 * branch            main       -> FETCH_HEAD
Already up to date.
No stash entries found.
Warning: Stash pop had conflicts. You may need to resolve them manually in the editor.
Rebuilding UI image...
Building postgram-postgram-ui:latest locally...
#0 building with "default" instance using docker driver

#1 [internal] load build definition from Dockerfile
#1 transferring dockerfile: 271B done
#1 DONE 0.0s

#2 [internal] load metadata for docker.io/library/node:22-alpine
#2 DONE 0.8s

#3 [internal] load metadata for docker.io/library/nginx:alpine
#3 DONE 1.0s

#4 [internal] load .dockerignore
#4 transferring context: 85B done
#4 DONE 0.0s

#5 [internal] load build context
#5 transferring context: 3.87kB done
#5 DONE 0.0s

#6 [stage-1 1/3] FROM docker.io/library/nginx:alpine@sha256:4a73073bd557c65b759505da037898b61f1be6cbcc3c2c3aeac22d2a470c1752
#6 resolve docker.io/library/nginx:alpine@sha256:4a73073bd557c65b759505da037898b61f1be6cbcc3c2c3aeac22d2a470c1752 0.0s done
#6 DONE 0.0s

#7 [builder 1/6] FROM docker.io/library/node:22-alpine@sha256:16e22a550f3863206a3f701448c45f7912c6896a62de43add43bb9c86130c3e2
#7 resolve docker.io/library/node:22-alpine@sha256:16e22a550f3863206a3f701448c45f7912c6896a62de43add43bb9c86130c3e2 0.0s done
#7 DONE 0.0s

#8 [builder 2/6] WORKDIR /app
#8 CACHED

#9 [builder 5/6] COPY . .
#9 CACHED

#10 [stage-1 2/3] COPY --from=builder /app/dist /usr/share/nginx/html
#10 CACHED

#11 [builder 3/6] COPY package*.json ./
#11 CACHED

#12 [builder 4/6] RUN npm ci
#12 CACHED

#13 [builder 6/6] RUN npm run build
#13 CACHED

#14 [stage-1 3/3] COPY nginx.conf /etc/nginx/conf.d/default.conf
#14 CACHED

#15 exporting to image
#15 exporting layers done
#15 exporting manifest sha256:998ea95256ee7b11b040672a9c0d6adf71d3ef43cd360ac55a2f6ad586b7f207 done
#15 exporting config sha256:6c283c931df887f09b0df431d101f7a9aea66b24cdb7dbcf09f15a7a3419a904 done
#15 exporting attestation manifest sha256:0fb3914469f9ca7f3dc687a5e3a489c9b8f656047482cb245f6e51d9bf73760f 0.0s done
#15 exporting manifest list sha256:29a9ccb5b70c9b6dfc581287eebe63b4ca784e7188732bd63d43a41081ebde71 done
#15 naming to docker.io/library/postgram-postgram-ui:latest done
#15 unpacking to docker.io/library/postgram-postgram-ui:latest done
#15 DONE 0.1s
----------------------------------------
Build complete! You can now import
cosmos-compose.json into Cosmos Cloud.
----------------------------------------
Rebuilding MCP Server image...
#0 building with "default" instance using docker driver

#1 [internal] load build definition from Dockerfile
#1 transferring dockerfile: 785B done
#1 DONE 0.0s

#2 [internal] load metadata for docker.io/library/node:22-alpine
#2 DONE 0.4s

#3 [internal] load .dockerignore
#3 transferring context: 2B done
#3 DONE 0.0s

#4 [builder 1/8] FROM docker.io/library/node:22-alpine@sha256:16e22a550f3863206a3f701448c45f7912c6896a62de43add43bb9c86130c3e2
#4 resolve docker.io/library/node:22-alpine@sha256:16e22a550f3863206a3f701448c45f7912c6896a62de43add43bb9c86130c3e2 0.0s done
#4 DONE 0.0s

#5 [internal] load build context
#5 transferring context: 3.11kB done
#5 DONE 0.0s

#6 [builder 6/8] COPY tsconfig.json tsconfig.build.json ./
#6 CACHED

#7 [stage-1 3/8] RUN apk add --no-cache tini
#7 CACHED

#8 [stage-1 4/8] COPY --from=builder /app/dist ./dist
#8 CACHED

#9 [stage-1 5/8] COPY --from=builder /app/node_modules ./node_modules
#9 CACHED

#10 [builder 5/8] RUN npm ci
#10 CACHED

#11 [builder 8/8] RUN npm run build
#11 CACHED

#12 [stage-1 7/8] COPY src/db/migrations ./dist/db/migrations
#12 CACHED

#13 [builder 3/8] COPY package.json package-lock.json ./
#13 CACHED

#14 [builder 7/8] COPY src ./src
#14 CACHED

#15 [builder 2/8] WORKDIR /app
#15 CACHED

#16 [builder 4/8] COPY cli/package.json ./cli/package.json
#16 CACHED

#17 [stage-1 6/8] COPY --from=builder /app/package.json ./
#17 CACHED

#18 [stage-1 8/8] RUN chmod +x /app/dist/cli/admin/pgm-admin.js  && ln -s /app/dist/cli/admin/pgm-admin.js /usr/local/bin/pgm-admin
#18 CACHED

#19 exporting to image
#19 exporting layers done
#19 exporting manifest sha256:a71d4fa592ecd18386e41c29d8caa849f0138492d58c23de57660e6640f37894 done
#19 exporting config sha256:d37754ff05b906f431487d2e8f1d260b6a173d8f453449f5e4df12ca93f935b0 done
#19 exporting attestation manifest sha256:0517f12f31b95910dca11ded894ec8a280cb3325b28542d6a343f1d8316abb08 0.0s done
#19 exporting manifest list sha256:a526617ea6f02b0fcc8b66db496d372aeaaa02f6bf27ed3f4c92eab3bd965bf0 done
#19 naming to docker.io/library/postgram-mcp-server:latest done
#19 unpacking to docker.io/library/postgram-mcp-server:latest done
#19 DONE 0.1s
Restarting containers...
 Container postgram-postgres-1 Running 
 Container postgram-ollama-1 Running 
 Container postgram-mcp-server-1 Recreate 
 Container postgram-mcp-server-1 Recreated 
 Container postgram-postgram-ui-1 Recreate 
 Container postgram-postgram-ui-1 Recreated 
 Container postgram-postgres-1 Waiting 
 Container postgram-postgres-1 Healthy 
 Container postgram-mcp-server-1 Starting 
 Container postgram-mcp-server-1 Started 
 Container postgram-postgram-ui-1 Starting 
 Container postgram-postgram-ui-1 Started 
=== Update complete ===
=== Checking for updates from upstream repository ===
From https://github.com/Haasie/postgram
 * branch            main       -> FETCH_HEAD
New updates found! Pulling changes...
No local changes to save
From https://github.com/Haasie/postgram
 * branch            main       -> FETCH_HEAD
Already up to date.
No stash entries found.
Warning: Stash pop had conflicts. You may need to resolve them manually in the editor.
Rebuilding UI image...
Building postgram-postgram-ui:latest locally...
#0 building with "default" instance using docker driver

#1 [internal] load build definition from Dockerfile
#1 transferring dockerfile: 271B done
#1 DONE 0.0s

#2 [internal] load metadata for docker.io/library/node:22-alpine
#2 DONE 1.1s

#3 [internal] load metadata for docker.io/library/nginx:alpine
#3 DONE 1.2s

#4 [internal] load .dockerignore
#4 transferring context:
#4 transferring context: 85B done
#4 DONE 0.0s

#5 [internal] load build context
#5 transferring context: 3.87kB done
#5 DONE 0.0s

#6 [builder 1/6] FROM docker.io/library/node:22-alpine@sha256:16e22a550f3863206a3f701448c45f7912c6896a62de43add43bb9c86130c3e2
#6 resolve docker.io/library/node:22-alpine@sha256:16e22a550f3863206a3f701448c45f7912c6896a62de43add43bb9c86130c3e2 0.0s done
#6 DONE 0.0s

#7 [stage-1 1/3] FROM docker.io/library/nginx:alpine@sha256:4a73073bd557c65b759505da037898b61f1be6cbcc3c2c3aeac22d2a470c1752
#7 resolve docker.io/library/nginx:alpine@sha256:4a73073bd557c65b759505da037898b61f1be6cbcc3c2c3aeac22d2a470c1752 0.0s done
#7 DONE 0.0s

#8 [builder 6/6] RUN npm run build
#8 CACHED

#9 [builder 3/6] COPY package*.json ./
#9 CACHED

#10 [builder 5/6] COPY . .
#10 CACHED

#11 [builder 2/6] WORKDIR /app
#11 CACHED

#12 [stage-1 2/3] COPY --from=builder /app/dist /usr/share/nginx/html
#12 CACHED

#13 [builder 4/6] RUN npm ci
#13 CACHED

#14 [stage-1 3/3] COPY nginx.conf /etc/nginx/conf.d/default.conf
#14 CACHED

#15 exporting to image
#15 exporting layers done
#15 exporting manifest sha256:998ea95256ee7b11b040672a9c0d6adf71d3ef43cd360ac55a2f6ad586b7f207 done
#15 exporting config sha256:6c283c931df887f09b0df431d101f7a9aea66b24cdb7dbcf09f15a7a3419a904 done
#15 exporting attestation manifest sha256:4bbad4876e59d2e8fd5c4db056a9f502e725ff827ab6f2267d121d12c5de9c3f 0.0s done
#15 exporting manifest list sha256:efbeb5d90097a71d18bca83d22b29d2d189a083e179bb998de6b7504f2050b35 done
#15 naming to docker.io/library/postgram-postgram-ui:latest done
#15 unpacking to docker.io/library/postgram-postgram-ui:latest done
#15 DONE 0.0s
----------------------------------------
Build complete! You can now import
cosmos-compose.json into Cosmos Cloud.
----------------------------------------
Rebuilding MCP Server image...
#0 building with "default" instance using docker driver

#1 [internal] load build definition from Dockerfile
#1 transferring dockerfile: 785B done
#1 DONE 0.0s

#2 [internal] load metadata for docker.io/library/node:22-alpine
#2 DONE 0.2s

#3 [internal] load .dockerignore
#3 transferring context: 2B done
#3 DONE 0.0s

#4 [builder 1/8] FROM docker.io/library/node:22-alpine@sha256:16e22a550f3863206a3f701448c45f7912c6896a62de43add43bb9c86130c3e2
#4 resolve docker.io/library/node:22-alpine@sha256:16e22a550f3863206a3f701448c45f7912c6896a62de43add43bb9c86130c3e2 0.0s done
#4 DONE 0.0s

#5 [internal] load build context
#5 transferring context: 3.11kB done
#5 DONE 0.0s

#6 [builder 2/8] WORKDIR /app
#6 CACHED

#7 [stage-1 3/8] RUN apk add --no-cache tini
#7 CACHED

#8 [stage-1 6/8] COPY --from=builder /app/package.json ./
#8 CACHED

#9 [builder 3/8] COPY package.json package-lock.json ./
#9 CACHED

#10 [stage-1 5/8] COPY --from=builder /app/node_modules ./node_modules
#10 CACHED

#11 [builder 6/8] COPY tsconfig.json tsconfig.build.json ./
#11 CACHED

#12 [builder 8/8] RUN npm run build
#12 CACHED

#13 [builder 7/8] COPY src ./src
#13 CACHED

#14 [stage-1 4/8] COPY --from=builder /app/dist ./dist
#14 CACHED

#15 [builder 5/8] RUN npm ci
#15 CACHED

#16 [stage-1 7/8] COPY src/db/migrations ./dist/db/migrations
#16 CACHED

#17 [builder 4/8] COPY cli/package.json ./cli/package.json
#17 CACHED

#18 [stage-1 8/8] RUN chmod +x /app/dist/cli/admin/pgm-admin.js  && ln -s /app/dist/cli/admin/pgm-admin.js /usr/local/bin/pgm-admin
#18 CACHED

#19 exporting to image
#19 exporting layers done
#19 exporting manifest sha256:a71d4fa592ecd18386e41c29d8caa849f0138492d58c23de57660e6640f37894 done
#19 exporting config sha256:d37754ff05b906f431487d2e8f1d260b6a173d8f453449f5e4df12ca93f935b0 done
#19 exporting attestation manifest sha256:6e870a28b09ec1e0ffb7d3522ee7faa9a116210d822196b126951b62d5421d23 0.0s done
#19 exporting manifest list sha256:b3e2c469e19960c23d4749449cd34160b08faac71315674676225bffc7a2fc6d done
#19 naming to docker.io/library/postgram-mcp-server:latest done
#19 unpacking to docker.io/library/postgram-mcp-server:latest done
#19 DONE 0.1s
Restarting containers...
 Container postgram-postgres-1 Running 
 Container postgram-ollama-1 Running 
 Container postgram-mcp-server-1 Recreate 
 Container postgram-mcp-server-1 Recreated 
 Container postgram-postgram-ui-1 Recreate 
 Container postgram-postgram-ui-1 Recreated 
 Container postgram-postgres-1 Waiting 
 Container postgram-postgres-1 Healthy 
 Container postgram-mcp-server-1 Starting 
 Container postgram-mcp-server-1 Started 
 Container postgram-postgram-ui-1 Starting 
 Container postgram-postgram-ui-1 Started 
=== Update complete ===
=== Checking for updates from upstream repository ===
From https://github.com/Haasie/postgram
 * branch            main       -> FETCH_HEAD
New updates found! Pulling changes...
No local changes to save
From https://github.com/Haasie/postgram
 * branch            main       -> FETCH_HEAD
Already up to date.
No stash entries found.
Warning: Stash pop had conflicts. You may need to resolve them manually in the editor.
Rebuilding UI image...
Building postgram-postgram-ui:latest locally...
#0 building with "default" instance using docker driver

#1 [internal] load build definition from Dockerfile
#1 transferring dockerfile: 271B done
#1 DONE 0.0s

#2 [internal] load metadata for docker.io/library/node:22-alpine
#2 DONE 0.7s

#3 [internal] load metadata for docker.io/library/nginx:alpine
#3 DONE 1.2s

#4 [internal] load .dockerignore
#4 transferring context: 85B done
#4 DONE 0.0s

#5 [internal] load build context
#5 transferring context: 3.87kB done
#5 DONE 0.0s

#6 [builder 1/6] FROM docker.io/library/node:22-alpine@sha256:16e22a550f3863206a3f701448c45f7912c6896a62de43add43bb9c86130c3e2
#6 resolve docker.io/library/node:22-alpine@sha256:16e22a550f3863206a3f701448c45f7912c6896a62de43add43bb9c86130c3e2 0.0s done
#6 DONE 0.0s

#7 [stage-1 1/3] FROM docker.io/library/nginx:alpine@sha256:4a73073bd557c65b759505da037898b61f1be6cbcc3c2c3aeac22d2a470c1752
#7 resolve docker.io/library/nginx:alpine@sha256:4a73073bd557c65b759505da037898b61f1be6cbcc3c2c3aeac22d2a470c1752 0.0s done
#7 DONE 0.0s

#8 [builder 2/6] WORKDIR /app
#8 CACHED

#9 [builder 3/6] COPY package*.json ./
#9 CACHED

#10 [builder 4/6] RUN npm ci
#10 CACHED

#11 [stage-1 2/3] COPY --from=builder /app/dist /usr/share/nginx/html
#11 CACHED

#12 [builder 6/6] RUN npm run build
#12 CACHED

#13 [builder 5/6] COPY . .
#13 CACHED

#14 [stage-1 3/3] COPY nginx.conf /etc/nginx/conf.d/default.conf
#14 CACHED

#15 exporting to image
#15 exporting layers done
#15 exporting manifest sha256:998ea95256ee7b11b040672a9c0d6adf71d3ef43cd360ac55a2f6ad586b7f207 done
#15 exporting config sha256:6c283c931df887f09b0df431d101f7a9aea66b24cdb7dbcf09f15a7a3419a904 done
#15 exporting attestation manifest sha256:19b7576fe810c84210658fcb371cb734f161bb389ee04ee5b7572d017ceaf443 0.0s done
#15 exporting manifest list sha256:df41d0b9d8c62e9280300a4818e54595f7fa9a9fb9fbc1d1f9a82756e9bba628 done
#15 naming to docker.io/library/postgram-postgram-ui:latest done
#15 unpacking to docker.io/library/postgram-postgram-ui:latest done
#15 DONE 0.0s
----------------------------------------
Build complete! You can now import
cosmos-compose.json into Cosmos Cloud.
----------------------------------------
Rebuilding MCP Server image...
#0 building with "default" instance using docker driver

#1 [internal] load build definition from Dockerfile
#1 transferring dockerfile: 785B done
#1 DONE 0.0s

#2 [internal] load metadata for docker.io/library/node:22-alpine
#2 DONE 0.2s

#3 [internal] load .dockerignore
#3 transferring context: 2B done
#3 DONE 0.0s

#4 [builder 1/8] FROM docker.io/library/node:22-alpine@sha256:16e22a550f3863206a3f701448c45f7912c6896a62de43add43bb9c86130c3e2
#4 resolve docker.io/library/node:22-alpine@sha256:16e22a550f3863206a3f701448c45f7912c6896a62de43add43bb9c86130c3e2 0.0s done
#4 DONE 0.0s

#5 [internal] load build context
#5 transferring context: 3.11kB done
#5 DONE 0.0s

#6 [builder 5/8] RUN npm ci
#6 CACHED

#7 [stage-1 6/8] COPY --from=builder /app/package.json ./
#7 CACHED

#8 [stage-1 4/8] COPY --from=builder /app/dist ./dist
#8 CACHED

#9 [stage-1 5/8] COPY --from=builder /app/node_modules ./node_modules
#9 CACHED

#10 [builder 3/8] COPY package.json package-lock.json ./
#10 CACHED

#11 [builder 7/8] COPY src ./src
#11 CACHED

#12 [builder 8/8] RUN npm run build
#12 CACHED

#13 [stage-1 3/8] RUN apk add --no-cache tini
#13 CACHED

#14 [stage-1 7/8] COPY src/db/migrations ./dist/db/migrations
#14 CACHED

#15 [builder 4/8] COPY cli/package.json ./cli/package.json
#15 CACHED

#16 [builder 2/8] WORKDIR /app
#16 CACHED

#17 [builder 6/8] COPY tsconfig.json tsconfig.build.json ./
#17 CACHED

#18 [stage-1 8/8] RUN chmod +x /app/dist/cli/admin/pgm-admin.js  && ln -s /app/dist/cli/admin/pgm-admin.js /usr/local/bin/pgm-admin
#18 CACHED

#19 exporting to image
#19 exporting layers done
#19 exporting manifest sha256:a71d4fa592ecd18386e41c29d8caa849f0138492d58c23de57660e6640f37894 done
#19 exporting config sha256:d37754ff05b906f431487d2e8f1d260b6a173d8f453449f5e4df12ca93f935b0 done
#19 exporting attestation manifest sha256:9acb523ae9d72eaa5ef9c05fce88c655a3a425c0379f86a95b5d1df21f1304b4 0.0s done
#19 exporting manifest list sha256:67a5112815f1a16df35416d1d35a633db109156bd476c0f6069648aeb61db8f2 done
#19 naming to docker.io/library/postgram-mcp-server:latest done
#19 unpacking to docker.io/library/postgram-mcp-server:latest done
#19 DONE 0.0s
Restarting containers...
 Container postgram-postgres-1 Running 
 Container postgram-ollama-1 Running 
 Container postgram-mcp-server-1 Recreate 
 Container postgram-mcp-server-1 Recreated 
 Container postgram-postgram-ui-1 Recreate 
 Container postgram-postgram-ui-1 Recreated 
 Container postgram-postgres-1 Waiting 
 Container postgram-postgres-1 Healthy 
 Container postgram-mcp-server-1 Starting 
 Container postgram-mcp-server-1 Started 
 Container postgram-postgram-ui-1 Starting 
 Container postgram-postgram-ui-1 Started 
=== Update complete ===
=== Checking for updates from upstream repository ===
From https://github.com/Haasie/postgram
 * branch            main       -> FETCH_HEAD
New updates found! Pulling changes...
No local changes to save
From https://github.com/Haasie/postgram
 * branch            main       -> FETCH_HEAD
Already up to date.
No stash entries found.
Warning: Stash pop had conflicts. You may need to resolve them manually in the editor.
Rebuilding UI image...
Building postgram-postgram-ui:latest locally...
#0 building with "default" instance using docker driver

#1 [internal] load build definition from Dockerfile
#1 transferring dockerfile: 271B done
#1 DONE 0.0s

#2 [internal] load metadata for docker.io/library/node:22-alpine
#2 DONE 0.9s

#3 [internal] load metadata for docker.io/library/nginx:alpine
#3 DONE 1.1s

#4 [internal] load .dockerignore
#4 transferring context: 85B done
#4 DONE 0.0s

#5 [internal] load build context
#5 transferring context: 3.87kB done
#5 DONE 0.0s

#6 [builder 1/6] FROM docker.io/library/node:22-alpine@sha256:16e22a550f3863206a3f701448c45f7912c6896a62de43add43bb9c86130c3e2
#6 resolve docker.io/library/node:22-alpine@sha256:16e22a550f3863206a3f701448c45f7912c6896a62de43add43bb9c86130c3e2 0.0s done
#6 DONE 0.0s

#7 [stage-1 1/3] FROM docker.io/library/nginx:alpine@sha256:4a73073bd557c65b759505da037898b61f1be6cbcc3c2c3aeac22d2a470c1752
#7 resolve docker.io/library/nginx:alpine@sha256:4a73073bd557c65b759505da037898b61f1be6cbcc3c2c3aeac22d2a470c1752 0.0s done
#7 DONE 0.0s

#8 [builder 3/6] COPY package*.json ./
#8 CACHED

#9 [builder 6/6] RUN npm run build
#9 CACHED

#10 [builder 2/6] WORKDIR /app
#10 CACHED

#11 [stage-1 2/3] COPY --from=builder /app/dist /usr/share/nginx/html
#11 CACHED

#12 [builder 4/6] RUN npm ci
#12 CACHED

#13 [builder 5/6] COPY . .
#13 CACHED

#14 [stage-1 3/3] COPY nginx.conf /etc/nginx/conf.d/default.conf
#14 CACHED

#15 exporting to image
#15 exporting layers done
#15 exporting manifest sha256:998ea95256ee7b11b040672a9c0d6adf71d3ef43cd360ac55a2f6ad586b7f207 done
#15 exporting config sha256:6c283c931df887f09b0df431d101f7a9aea66b24cdb7dbcf09f15a7a3419a904 done
#15 exporting attestation manifest sha256:08d0dfdc759cda98a9b91ac43ef71afd4c309d00ee26f84e2c6818e6a3bf1fdb 0.0s done
#15 exporting manifest list sha256:fc3f3b85bcb9c55f6c3d0d1e00b05291f79af0f00dd1a6f7342fed3c36fc1eec done
#15 naming to docker.io/library/postgram-postgram-ui:latest 0.0s done
#15 unpacking to docker.io/library/postgram-postgram-ui:latest done
#15 DONE 0.1s
----------------------------------------
Build complete! You can now import
cosmos-compose.json into Cosmos Cloud.
----------------------------------------
Rebuilding MCP Server image...
#0 building with "default" instance using docker driver

#1 [internal] load build definition from Dockerfile
#1 transferring dockerfile: 785B done
#1 DONE 0.0s

#2 [internal] load metadata for docker.io/library/node:22-alpine
#2 DONE 0.3s

#3 [internal] load .dockerignore
#3 transferring context: 2B done
#3 DONE 0.0s

#4 [builder 1/8] FROM docker.io/library/node:22-alpine@sha256:16e22a550f3863206a3f701448c45f7912c6896a62de43add43bb9c86130c3e2
#4 resolve docker.io/library/node:22-alpine@sha256:16e22a550f3863206a3f701448c45f7912c6896a62de43add43bb9c86130c3e2 0.0s done
#4 DONE 0.0s

#5 [internal] load build context
#5 transferring context: 3.11kB done
#5 DONE 0.0s

#6 [builder 5/8] RUN npm ci
#6 CACHED

#7 [stage-1 5/8] COPY --from=builder /app/node_modules ./node_modules
#7 CACHED

#8 [stage-1 3/8] RUN apk add --no-cache tini
#8 CACHED

#9 [stage-1 6/8] COPY --from=builder /app/package.json ./
#9 CACHED

#10 [builder 8/8] RUN npm run build
#10 CACHED

#11 [builder 6/8] COPY tsconfig.json tsconfig.build.json ./
#11 CACHED

#12 [stage-1 4/8] COPY --from=builder /app/dist ./dist
#12 CACHED

#13 [stage-1 7/8] COPY src/db/migrations ./dist/db/migrations
#13 CACHED

#14 [builder 4/8] COPY cli/package.json ./cli/package.json
#14 CACHED

#15 [builder 2/8] WORKDIR /app
#15 CACHED

#16 [builder 3/8] COPY package.json package-lock.json ./
#16 CACHED

#17 [builder 7/8] COPY src ./src
#17 CACHED

#18 [stage-1 8/8] RUN chmod +x /app/dist/cli/admin/pgm-admin.js  && ln -s /app/dist/cli/admin/pgm-admin.js /usr/local/bin/pgm-admin
#18 CACHED

#19 exporting to image
#19 exporting layers done
#19 exporting manifest sha256:a71d4fa592ecd18386e41c29d8caa849f0138492d58c23de57660e6640f37894 done
#19 exporting config sha256:d37754ff05b906f431487d2e8f1d260b6a173d8f453449f5e4df12ca93f935b0 done
#19 exporting attestation manifest sha256:dd2c839fca8ef61a607f4e324e44a54b6263a94347e8de6d01567fc4d1edacde 0.0s done
#19 exporting manifest list sha256:45e750558d6e53d4628493eb4fd150c64c79e769b3a2f9222e080bd4cdc85294 done
#19 naming to docker.io/library/postgram-mcp-server:latest done
#19 unpacking to docker.io/library/postgram-mcp-server:latest done
#19 DONE 0.1s
Restarting containers...
 Container postgram-postgres-1 Running 
 Container postgram-ollama-1 Running 
 Container postgram-mcp-server-1 Recreate 
 Container postgram-mcp-server-1 Recreated 
 Container postgram-postgram-ui-1 Recreate 
 Container postgram-postgram-ui-1 Recreated 
 Container postgram-postgres-1 Waiting 
 Container postgram-postgres-1 Healthy 
 Container postgram-mcp-server-1 Starting 
 Container postgram-mcp-server-1 Started 
 Container postgram-postgram-ui-1 Starting 
 Container postgram-postgram-ui-1 Started 
=== Update complete ===
=== Checking for updates from upstream repository ===
From https://github.com/Haasie/postgram
 * branch            main       -> FETCH_HEAD
New updates found! Pulling changes...
No local changes to save
From https://github.com/Haasie/postgram
 * branch            main       -> FETCH_HEAD
Already up to date.
No stash entries found.
Warning: Stash pop had conflicts. You may need to resolve them manually in the editor.
Rebuilding UI image...
Building postgram-postgram-ui:latest locally...
#0 building with "default" instance using docker driver

#1 [internal] load build definition from Dockerfile
#1 transferring dockerfile: 271B done
#1 DONE 0.0s

#2 [internal] load metadata for docker.io/library/nginx:alpine
#2 ...

#3 [internal] load metadata for docker.io/library/node:22-alpine
#3 DONE 0.9s

#2 [internal] load metadata for docker.io/library/nginx:alpine
#2 DONE 1.0s

#4 [internal] load .dockerignore
#4 transferring context: 85B done
#4 DONE 0.0s

#5 [internal] load build context
#5 transferring context: 3.87kB done
#5 DONE 0.0s

#6 [builder 1/6] FROM docker.io/library/node:22-alpine@sha256:16e22a550f3863206a3f701448c45f7912c6896a62de43add43bb9c86130c3e2
#6 resolve docker.io/library/node:22-alpine@sha256:16e22a550f3863206a3f701448c45f7912c6896a62de43add43bb9c86130c3e2 0.0s done
#6 DONE 0.0s

#7 [stage-1 1/3] FROM docker.io/library/nginx:alpine@sha256:4a73073bd557c65b759505da037898b61f1be6cbcc3c2c3aeac22d2a470c1752
#7 resolve docker.io/library/nginx:alpine@sha256:4a73073bd557c65b759505da037898b61f1be6cbcc3c2c3aeac22d2a470c1752 0.0s done
#7 DONE 0.0s

#8 [builder 3/6] COPY package*.json ./
#8 CACHED

#9 [builder 4/6] RUN npm ci
#9 CACHED

#10 [stage-1 2/3] COPY --from=builder /app/dist /usr/share/nginx/html
#10 CACHED

#11 [builder 5/6] COPY . .
#11 CACHED

#12 [builder 2/6] WORKDIR /app
#12 CACHED

#13 [builder 6/6] RUN npm run build
#13 CACHED

#14 [stage-1 3/3] COPY nginx.conf /etc/nginx/conf.d/default.conf
#14 CACHED

#15 exporting to image
#15 exporting layers done
#15 exporting manifest sha256:998ea95256ee7b11b040672a9c0d6adf71d3ef43cd360ac55a2f6ad586b7f207 done
#15 exporting config sha256:6c283c931df887f09b0df431d101f7a9aea66b24cdb7dbcf09f15a7a3419a904 done
#15 exporting attestation manifest sha256:97077448d0a1262604eaf959d4e44938339f11959c41bdaf74ae1fcbf971c61e 0.0s done
#15 exporting manifest list sha256:c118b0858909818c731181a4916d35dcdefe6b97f6bbce810bae4f53895cb41a done
#15 naming to docker.io/library/postgram-postgram-ui:latest done
#15 unpacking to docker.io/library/postgram-postgram-ui:latest done
#15 DONE 0.1s
----------------------------------------
Build complete! You can now import
cosmos-compose.json into Cosmos Cloud.
----------------------------------------
Rebuilding MCP Server image...
#0 building with "default" instance using docker driver

#1 [internal] load build definition from Dockerfile
#1 transferring dockerfile: 785B done
#1 DONE 0.0s

#2 [internal] load metadata for docker.io/library/node:22-alpine
#2 DONE 0.2s

#3 [internal] load .dockerignore
#3 transferring context: 2B done
#3 DONE 0.0s

#4 [builder 1/8] FROM docker.io/library/node:22-alpine@sha256:16e22a550f3863206a3f701448c45f7912c6896a62de43add43bb9c86130c3e2
#4 resolve docker.io/library/node:22-alpine@sha256:16e22a550f3863206a3f701448c45f7912c6896a62de43add43bb9c86130c3e2 0.0s done
#4 DONE 0.0s

#5 [internal] load build context
#5 transferring context: 3.11kB done
#5 DONE 0.0s

#6 [builder 2/8] WORKDIR /app
#6 CACHED

#7 [stage-1 4/8] COPY --from=builder /app/dist ./dist
#7 CACHED

#8 [stage-1 6/8] COPY --from=builder /app/package.json ./
#8 CACHED

#9 [builder 5/8] RUN npm ci
#9 CACHED

#10 [builder 7/8] COPY src ./src
#10 CACHED

#11 [stage-1 5/8] COPY --from=builder /app/node_modules ./node_modules
#11 CACHED

#12 [stage-1 3/8] RUN apk add --no-cache tini
#12 CACHED

#13 [builder 3/8] COPY package.json package-lock.json ./
#13 CACHED

#14 [builder 6/8] COPY tsconfig.json tsconfig.build.json ./
#14 CACHED

#15 [stage-1 7/8] COPY src/db/migrations ./dist/db/migrations
#15 CACHED

#16 [builder 4/8] COPY cli/package.json ./cli/package.json
#16 CACHED

#17 [builder 8/8] RUN npm run build
#17 CACHED

#18 [stage-1 8/8] RUN chmod +x /app/dist/cli/admin/pgm-admin.js  && ln -s /app/dist/cli/admin/pgm-admin.js /usr/local/bin/pgm-admin
#18 CACHED

#19 exporting to image
#19 exporting layers done
#19 exporting manifest sha256:a71d4fa592ecd18386e41c29d8caa849f0138492d58c23de57660e6640f37894 done
#19 exporting config sha256:d37754ff05b906f431487d2e8f1d260b6a173d8f453449f5e4df12ca93f935b0 done
#19 exporting attestation manifest sha256:5b21900d0f0980b0087ef5fd79d89084159ac3d222f92000d5ff8e0ae2f35943 0.0s done
#19 exporting manifest list sha256:d649a3c147be48390e8f986c984bfd08413eb4b63090e20bd1759b2c625c330d done
#19 naming to docker.io/library/postgram-mcp-server:latest done
#19 unpacking to docker.io/library/postgram-mcp-server:latest done
#19 DONE 0.1s
Restarting containers...
 Container postgram-ollama-1 Running 
 Container postgram-postgres-1 Running 
 Container postgram-mcp-server-1 Recreate 
 Container postgram-mcp-server-1 Recreated 
 Container postgram-postgram-ui-1 Recreate 
 Container postgram-postgram-ui-1 Recreated 
 Container postgram-postgres-1 Waiting 
 Container postgram-postgres-1 Healthy 
 Container postgram-mcp-server-1 Starting 
 Container postgram-mcp-server-1 Started 
 Container postgram-postgram-ui-1 Starting 
 Container postgram-postgram-ui-1 Started 
=== Update complete ===
=== Checking for updates from upstream repository ===
From https://github.com/Haasie/postgram
 * branch            main       -> FETCH_HEAD
New updates found! Pulling changes...
No local changes to save
From https://github.com/Haasie/postgram
 * branch            main       -> FETCH_HEAD
Already up to date.
No stash entries found.
Warning: Stash pop had conflicts. You may need to resolve them manually in the editor.
Rebuilding UI image...
Building postgram-postgram-ui:latest locally...
#0 building with "default" instance using docker driver

#1 [internal] load build definition from Dockerfile
#1 transferring dockerfile: 271B done
#1 DONE 0.0s

#2 [internal] load metadata for docker.io/library/node:22-alpine
#2 ...

#3 [internal] load metadata for docker.io/library/nginx:alpine
#3 DONE 1.5s

#2 [internal] load metadata for docker.io/library/node:22-alpine
#2 DONE 2.2s

#4 [internal] load .dockerignore
#4 transferring context: 85B done
#4 DONE 0.0s

#5 [internal] load build context
#5 transferring context: 3.87kB done
#5 DONE 0.0s

#6 [stage-1 1/3] FROM docker.io/library/nginx:alpine@sha256:4a73073bd557c65b759505da037898b61f1be6cbcc3c2c3aeac22d2a470c1752
#6 resolve docker.io/library/nginx:alpine@sha256:4a73073bd557c65b759505da037898b61f1be6cbcc3c2c3aeac22d2a470c1752 0.0s done
#6 DONE 0.0s

#7 [builder 1/6] FROM docker.io/library/node:22-alpine@sha256:c610fcdfb1d5b4740dd70c284ed3cb16bb857e0f7166196e36a5501df7a3aa32
#7 resolve docker.io/library/node:22-alpine@sha256:c610fcdfb1d5b4740dd70c284ed3cb16bb857e0f7166196e36a5501df7a3aa32 0.0s done
#7 sha256:16da5a6403776464b5bf551ef294de57da242eac594527ea551a46e7f76ac2d6 445B / 445B 0.1s done
#7 sha256:a2980c1fee17dfd6263234b253955e0e9d5f38d47c0e71c001139897134899d0 1.26MB / 1.26MB 0.3s done
#7 sha256:efbef6f9e333972a10ca323e700496a64e7ddcc3a6725e6afbbae52e690f4a4a 0B / 52.63MB 0.2s
#7 sha256:efbef6f9e333972a10ca323e700496a64e7ddcc3a6725e6afbbae52e690f4a4a 3.15MB / 52.63MB 0.6s
#7 sha256:efbef6f9e333972a10ca323e700496a64e7ddcc3a6725e6afbbae52e690f4a4a 6.29MB / 52.63MB 0.8s
#7 sha256:efbef6f9e333972a10ca323e700496a64e7ddcc3a6725e6afbbae52e690f4a4a 10.49MB / 52.63MB 0.9s
#7 sha256:efbef6f9e333972a10ca323e700496a64e7ddcc3a6725e6afbbae52e690f4a4a 13.63MB / 52.63MB 1.1s
#7 sha256:efbef6f9e333972a10ca323e700496a64e7ddcc3a6725e6afbbae52e690f4a4a 16.78MB / 52.63MB 1.2s
#7 sha256:efbef6f9e333972a10ca323e700496a64e7ddcc3a6725e6afbbae52e690f4a4a 22.02MB / 52.63MB 1.5s
#7 sha256:efbef6f9e333972a10ca323e700496a64e7ddcc3a6725e6afbbae52e690f4a4a 26.21MB / 52.63MB 1.8s
#7 sha256:efbef6f9e333972a10ca323e700496a64e7ddcc3a6725e6afbbae52e690f4a4a 29.36MB / 52.63MB 2.0s
#7 sha256:efbef6f9e333972a10ca323e700496a64e7ddcc3a6725e6afbbae52e690f4a4a 34.60MB / 52.63MB 2.3s
#7 sha256:efbef6f9e333972a10ca323e700496a64e7ddcc3a6725e6afbbae52e690f4a4a 39.85MB / 52.63MB 2.6s
#7 sha256:efbef6f9e333972a10ca323e700496a64e7ddcc3a6725e6afbbae52e690f4a4a 45.09MB / 52.63MB 2.9s
#7 sha256:efbef6f9e333972a10ca323e700496a64e7ddcc3a6725e6afbbae52e690f4a4a 49.28MB / 52.63MB 3.2s
#7 sha256:efbef6f9e333972a10ca323e700496a64e7ddcc3a6725e6afbbae52e690f4a4a 52.63MB / 52.63MB 3.3s
#7 sha256:efbef6f9e333972a10ca323e700496a64e7ddcc3a6725e6afbbae52e690f4a4a 52.63MB / 52.63MB 3.3s done
#7 extracting sha256:efbef6f9e333972a10ca323e700496a64e7ddcc3a6725e6afbbae52e690f4a4a
#7 extracting sha256:efbef6f9e333972a10ca323e700496a64e7ddcc3a6725e6afbbae52e690f4a4a 0.8s done
#7 DONE 4.2s

#7 [builder 1/6] FROM docker.io/library/node:22-alpine@sha256:c610fcdfb1d5b4740dd70c284ed3cb16bb857e0f7166196e36a5501df7a3aa32
#7 extracting sha256:a2980c1fee17dfd6263234b253955e0e9d5f38d47c0e71c001139897134899d0 0.0s done
#7 extracting sha256:16da5a6403776464b5bf551ef294de57da242eac594527ea551a46e7f76ac2d6 done
#7 DONE 4.2s

#8 [builder 2/6] WORKDIR /app
#8 DONE 0.2s

#9 [builder 3/6] COPY package*.json ./
#9 DONE 0.0s

#10 [builder 4/6] RUN npm ci
#10 1.780 npm warn deprecated whatwg-encoding@3.1.1: Use @exodus/bytes instead for a more spec-conformant and faster implementation
#10 9.750 
#10 9.750 added 545 packages, and audited 546 packages in 9s
#10 9.750 
#10 9.750 206 packages are looking for funding
#10 9.750   run `npm fund` for details
#10 9.772 
#10 9.772 11 vulnerabilities (1 low, 4 moderate, 5 high, 1 critical)
#10 9.772 
#10 9.772 To address issues that do not require attention, run:
#10 9.772   npm audit fix
#10 9.772 
#10 9.772 To address all issues (including breaking changes), run:
#10 9.772   npm audit fix --force
#10 9.772 
#10 9.772 Run `npm audit` for details.
#10 9.774 npm notice
#10 9.774 npm notice New major version of npm available! 10.9.8 -> 12.0.2
#10 9.774 npm notice Changelog: https://github.com/npm/cli/releases/tag/v12.0.2
#10 9.774 npm notice To update run: npm install -g npm@12.0.2
#10 9.774 npm notice
#10 DONE 10.2s

#11 [builder 5/6] COPY . .
#11 DONE 0.2s

#12 [builder 6/6] RUN npm run build
#12 0.273 
#12 0.273 > postgram-ui@0.1.0 build
#12 0.273 > tsc -b && vite build
#12 0.273 
#12 6.248 vite v6.4.2 building for production...
#12 6.694 transforming...
#12 16.49 ✓ 1256 modules transformed.
#12 17.18 rendering chunks...
#12 17.32 computing gzip size...
#12 17.37 dist/index.html                                0.69 kB │ gzip:   0.35 kB
#12 17.37 dist/assets/projection.worker-Bdo6Izq4.js    110.26 kB
#12 17.37 dist/assets/index-CdeHl-Hw.css                46.43 kB │ gzip:   8.14 kB
#12 17.37 dist/assets/ProjectorPage-kIxW7zh5.js        920.52 kB │ gzip: 249.08 kB
#12 17.37 dist/assets/index-BYvN8xV6.js              1,211.56 kB │ gzip: 379.50 kB
#12 17.37 ✓ built in 11.09s
#12 17.37 
#12 17.37 (!) Some chunks are larger than 500 kB after minification. Consider:
#12 17.37 - Using dynamic import() to code-split the application
#12 17.37 - Use build.rollupOptions.output.manualChunks to improve chunking: https://rollupjs.org/configuration-options/#output-manualchunks
#12 17.37 - Adjust chunk size limit for this warning via build.chunkSizeWarningLimit.
#12 DONE 17.5s

#13 [stage-1 2/3] COPY --from=builder /app/dist /usr/share/nginx/html
#13 CACHED

#14 [stage-1 3/3] COPY nginx.conf /etc/nginx/conf.d/default.conf
#14 CACHED

#15 exporting to image
#15 exporting layers done
#15 exporting manifest sha256:998ea95256ee7b11b040672a9c0d6adf71d3ef43cd360ac55a2f6ad586b7f207 done
#15 exporting config sha256:6c283c931df887f09b0df431d101f7a9aea66b24cdb7dbcf09f15a7a3419a904 done
#15 exporting attestation manifest sha256:b801bff0347e3e96665958477ba466b69510abafc54891eeb79be23c2f88f3ab 0.0s done
#15 exporting manifest list sha256:19384059df3b98973e36456ae9457a6ea0c8f61ab79fc34ad5c5c893a9e38cd3 done
#15 naming to docker.io/library/postgram-postgram-ui:latest done
#15 unpacking to docker.io/library/postgram-postgram-ui:latest done
#15 DONE 0.0s
----------------------------------------
Build complete! You can now import
cosmos-compose.json into Cosmos Cloud.
----------------------------------------
Rebuilding MCP Server image...
#0 building with "default" instance using docker driver

#1 [internal] load build definition from Dockerfile
#1 transferring dockerfile: 785B done
#1 DONE 0.0s

#2 [internal] load metadata for docker.io/library/node:22-alpine
#2 DONE 0.4s

#3 [internal] load .dockerignore
#3 transferring context: 2B done
#3 DONE 0.0s

#4 [builder 1/8] FROM docker.io/library/node:22-alpine@sha256:c610fcdfb1d5b4740dd70c284ed3cb16bb857e0f7166196e36a5501df7a3aa32
#4 resolve docker.io/library/node:22-alpine@sha256:c610fcdfb1d5b4740dd70c284ed3cb16bb857e0f7166196e36a5501df7a3aa32 0.0s done
#4 DONE 0.0s

#5 [builder 2/8] WORKDIR /app
#5 CACHED

#6 [internal] load build context
#6 transferring context: 3.11kB done
#6 DONE 0.0s

#7 [builder 3/8] COPY package.json package-lock.json ./
#7 DONE 0.0s

#8 [builder 4/8] COPY cli/package.json ./cli/package.json
#8 DONE 0.0s

#9 [builder 5/8] RUN npm ci
#9 ...

#10 [stage-1 3/8] RUN apk add --no-cache tini
#10 0.640 (1/1) Installing tini (0.19.0-r3)
#10 0.647 Executing busybox-1.37.0-r31.trigger
#10 0.655 OK: 10.9 MiB in 19 packages
#10 DONE 0.7s

#9 [builder 5/8] RUN npm ci
#9 6.778 npm warn deprecated glob@10.5.0: Old versions of glob are not supported, and contain widely publicized security vulnerabilities, which have been fixed in the current version. Please update. Support for old versions may be purchased (at exorbitant rates) by contacting i@izs.me
#9 9.150 
#9 9.150 added 761 packages, and audited 908 packages in 9s
#9 9.150 
#9 9.150 199 packages are looking for funding
#9 9.150   run `npm fund` for details
#9 9.205 
#9 9.205 28 vulnerabilities (2 low, 10 moderate, 12 high, 4 critical)
#9 9.205 
#9 9.205 To address issues that do not require attention, run:
#9 9.205   npm audit fix
#9 9.205 
#9 9.205 To address all issues (including breaking changes), run:
#9 9.205   npm audit fix --force
#9 9.205 
#9 9.205 Run `npm audit` for details.
#9 9.206 npm notice
#9 9.206 npm notice New major version of npm available! 10.9.8 -> 12.0.2
#9 9.206 npm notice Changelog: https://github.com/npm/cli/releases/tag/v12.0.2
#9 9.206 npm notice To update run: npm install -g npm@12.0.2
#9 9.206 npm notice
#9 DONE 9.5s

#11 [builder 6/8] COPY tsconfig.json tsconfig.build.json ./
#11 DONE 0.2s

#12 [builder 7/8] COPY src ./src
#12 DONE 0.0s

#13 [builder 8/8] RUN npm run build
#13 0.273 
#13 0.273 > postgram@0.1.3 build
#13 0.273 > tsc -p tsconfig.build.json
#13 0.273 
#13 DONE 4.9s

#14 [stage-1 4/8] COPY --from=builder /app/dist ./dist
#14 DONE 0.0s

#15 [stage-1 5/8] COPY --from=builder /app/node_modules ./node_modules
#15 DONE 2.1s

#16 [stage-1 6/8] COPY --from=builder /app/package.json ./
#16 DONE 0.2s

#17 [stage-1 7/8] COPY src/db/migrations ./dist/db/migrations
#17 DONE 0.0s

#18 [stage-1 8/8] RUN chmod +x /app/dist/cli/admin/pgm-admin.js  && ln -s /app/dist/cli/admin/pgm-admin.js /usr/local/bin/pgm-admin
#18 DONE 0.2s

#19 exporting to image
#19 exporting layers
#19 exporting layers 8.9s done
#19 exporting manifest sha256:b877a547ddada6ec35ec77fd3e82d1d9cf8d9a3972a46edf3748cf331724972e done
#19 exporting config sha256:146978ad39196b38d1e4abfe1e056d979c077f752bb0cb044a286ebba36860e9 done
#19 exporting attestation manifest sha256:a0826ea45e67ff0f38015a3ac642ed86adf49dba73af1bf941b8c653af6db6bf 0.0s done
#19 exporting manifest list sha256:c35978a42d83a1705da1c89265c05848b6c7be839922583c1f2c8b57e7f2a56f done
#19 naming to docker.io/library/postgram-mcp-server:latest done
#19 unpacking to docker.io/library/postgram-mcp-server:latest
#19 unpacking to docker.io/library/postgram-mcp-server:latest 2.5s done
#19 DONE 11.5s
Restarting containers...
 Container postgram-postgres-1 Running 
 Container postgram-ollama-1 Running 
 Container postgram-mcp-server-1 Recreate 
 Container postgram-mcp-server-1 Recreated 
 Container postgram-postgram-ui-1 Recreate 
 Container postgram-postgram-ui-1 Recreated 
 Container postgram-postgres-1 Waiting 
 Container postgram-postgres-1 Healthy 
 Container postgram-mcp-server-1 Starting 
 Container postgram-mcp-server-1 Started 
 Container postgram-postgram-ui-1 Starting 
 Container postgram-postgram-ui-1 Started 
=== Update complete ===
=== Checking for updates from upstream repository ===
From https://github.com/Haasie/postgram
 * branch            main       -> FETCH_HEAD
New updates found! Pulling changes...
No local changes to save
From https://github.com/Haasie/postgram
 * branch            main       -> FETCH_HEAD
Already up to date.
No stash entries found.
Warning: Stash pop had conflicts. You may need to resolve them manually in the editor.
Rebuilding UI image...
Building postgram-postgram-ui:latest locally...
#0 building with "default" instance using docker driver

#1 [internal] load build definition from Dockerfile
#1 transferring dockerfile: 271B done
#1 DONE 0.0s

#2 [internal] load metadata for docker.io/library/node:22-alpine
#2 DONE 0.8s

#3 [internal] load metadata for docker.io/library/nginx:alpine
#3 DONE 1.1s

#4 [internal] load .dockerignore
#4 transferring context: 85B done
#4 DONE 0.0s

#5 [internal] load build context
#5 transferring context: 3.87kB done
#5 DONE 0.0s

#6 [builder 1/6] FROM docker.io/library/node:22-alpine@sha256:c610fcdfb1d5b4740dd70c284ed3cb16bb857e0f7166196e36a5501df7a3aa32
#6 resolve docker.io/library/node:22-alpine@sha256:c610fcdfb1d5b4740dd70c284ed3cb16bb857e0f7166196e36a5501df7a3aa32 0.0s done
#6 DONE 0.0s

#7 [stage-1 1/3] FROM docker.io/library/nginx:alpine@sha256:4a73073bd557c65b759505da037898b61f1be6cbcc3c2c3aeac22d2a470c1752
#7 resolve docker.io/library/nginx:alpine@sha256:4a73073bd557c65b759505da037898b61f1be6cbcc3c2c3aeac22d2a470c1752 0.0s done
#7 DONE 0.0s

#8 [builder 5/6] COPY . .
#8 CACHED

#9 [stage-1 2/3] COPY --from=builder /app/dist /usr/share/nginx/html
#9 CACHED

#10 [builder 3/6] COPY package*.json ./
#10 CACHED

#11 [builder 6/6] RUN npm run build
#11 CACHED

#12 [builder 2/6] WORKDIR /app
#12 CACHED

#13 [builder 4/6] RUN npm ci
#13 CACHED

#14 [stage-1 3/3] COPY nginx.conf /etc/nginx/conf.d/default.conf
#14 CACHED

#15 exporting to image
#15 exporting layers done
#15 exporting manifest sha256:998ea95256ee7b11b040672a9c0d6adf71d3ef43cd360ac55a2f6ad586b7f207 done
#15 exporting config sha256:6c283c931df887f09b0df431d101f7a9aea66b24cdb7dbcf09f15a7a3419a904 done
#15 exporting attestation manifest sha256:389677f658e86e8f8d6e912ff47ca094052eff26de5a781c6a63616ab9fc8819 0.0s done
#15 exporting manifest list sha256:2f75971b26f540ec1f3174567689c05c7b27e5296d720b994a23bb01e0493fe5 done
#15 naming to docker.io/library/postgram-postgram-ui:latest done
#15 unpacking to docker.io/library/postgram-postgram-ui:latest done
#15 DONE 0.1s
----------------------------------------
Build complete! You can now import
cosmos-compose.json into Cosmos Cloud.
----------------------------------------
Rebuilding MCP Server image...
#0 building with "default" instance using docker driver

#1 [internal] load build definition from Dockerfile
#1 transferring dockerfile: 785B done
#1 DONE 0.0s

#2 [internal] load metadata for docker.io/library/node:22-alpine
#2 DONE 0.3s

#3 [internal] load .dockerignore
#3 transferring context: 2B done
#3 DONE 0.0s

#4 [builder 1/8] FROM docker.io/library/node:22-alpine@sha256:c610fcdfb1d5b4740dd70c284ed3cb16bb857e0f7166196e36a5501df7a3aa32
#4 resolve docker.io/library/node:22-alpine@sha256:c610fcdfb1d5b4740dd70c284ed3cb16bb857e0f7166196e36a5501df7a3aa32 0.0s done
#4 DONE 0.0s

#5 [internal] load build context
#5 transferring context: 3.11kB done
#5 DONE 0.0s

#6 [builder 5/8] RUN npm ci
#6 CACHED

#7 [builder 6/8] COPY tsconfig.json tsconfig.build.json ./
#7 CACHED

#8 [stage-1 3/8] RUN apk add --no-cache tini
#8 CACHED

#9 [builder 4/8] COPY cli/package.json ./cli/package.json
#9 CACHED

#10 [builder 8/8] RUN npm run build
#10 CACHED

#11 [stage-1 5/8] COPY --from=builder /app/node_modules ./node_modules
#11 CACHED

#12 [stage-1 4/8] COPY --from=builder /app/dist ./dist
#12 CACHED

#13 [builder 3/8] COPY package.json package-lock.json ./
#13 CACHED

#14 [stage-1 7/8] COPY src/db/migrations ./dist/db/migrations
#14 CACHED

#15 [stage-1 6/8] COPY --from=builder /app/package.json ./
#15 CACHED

#16 [builder 2/8] WORKDIR /app
#16 CACHED

#17 [builder 7/8] COPY src ./src
#17 CACHED

#18 [stage-1 8/8] RUN chmod +x /app/dist/cli/admin/pgm-admin.js  && ln -s /app/dist/cli/admin/pgm-admin.js /usr/local/bin/pgm-admin
#18 CACHED

#19 exporting to image
#19 exporting layers done
#19 exporting manifest sha256:b877a547ddada6ec35ec77fd3e82d1d9cf8d9a3972a46edf3748cf331724972e done
#19 exporting config sha256:146978ad39196b38d1e4abfe1e056d979c077f752bb0cb044a286ebba36860e9 done
#19 exporting attestation manifest sha256:4dc66793d74349d1a59eb9e7e0708d506ea668ef0875a908f4aaea0bded4eac5 0.0s done
#19 exporting manifest list sha256:ff8bb61c893d83f3cf464fe94bb44dc2d804fb930b8a147d9cf4b6c8745e2444 done
#19 naming to docker.io/library/postgram-mcp-server:latest done
#19 unpacking to docker.io/library/postgram-mcp-server:latest done
#19 DONE 0.0s
Restarting containers...
 Container postgram-postgres-1 Running 
 Container postgram-ollama-1 Running 
 Container postgram-mcp-server-1 Recreate 
 Container postgram-mcp-server-1 Recreated 
 Container postgram-postgram-ui-1 Recreate 
 Container postgram-postgram-ui-1 Recreated 
 Container postgram-postgres-1 Waiting 
 Container postgram-postgres-1 Healthy 
 Container postgram-mcp-server-1 Starting 
 Container postgram-mcp-server-1 Started 
 Container postgram-postgram-ui-1 Starting 
 Container postgram-postgram-ui-1 Started 
=== Update complete ===
=== Checking for updates from upstream repository ===
From https://github.com/Haasie/postgram
 * branch            main       -> FETCH_HEAD
New updates found! Pulling changes...
No local changes to save
From https://github.com/Haasie/postgram
 * branch            main       -> FETCH_HEAD
Already up to date.
No stash entries found.
Warning: Stash pop had conflicts. You may need to resolve them manually in the editor.
Rebuilding UI image...
Building postgram-postgram-ui:latest locally...
#0 building with "default" instance using docker driver

#1 [internal] load build definition from Dockerfile
#1 transferring dockerfile: 271B done
#1 DONE 0.0s

#2 [internal] load metadata for docker.io/library/nginx:alpine
#2 ...

#3 [internal] load metadata for docker.io/library/node:22-alpine
#3 DONE 0.9s

#2 [internal] load metadata for docker.io/library/nginx:alpine
#2 DONE 1.4s

#4 [internal] load .dockerignore
#4 transferring context: 85B done
#4 DONE 0.0s

#5 [internal] load build context
#5 transferring context: 3.87kB done
#5 DONE 0.0s

#6 [builder 1/6] FROM docker.io/library/node:22-alpine@sha256:c610fcdfb1d5b4740dd70c284ed3cb16bb857e0f7166196e36a5501df7a3aa32
#6 resolve docker.io/library/node:22-alpine@sha256:c610fcdfb1d5b4740dd70c284ed3cb16bb857e0f7166196e36a5501df7a3aa32 0.0s done
#6 DONE 0.0s

#7 [stage-1 1/3] FROM docker.io/library/nginx:alpine@sha256:4a73073bd557c65b759505da037898b61f1be6cbcc3c2c3aeac22d2a470c1752
#7 resolve docker.io/library/nginx:alpine@sha256:4a73073bd557c65b759505da037898b61f1be6cbcc3c2c3aeac22d2a470c1752 0.0s done
#7 DONE 0.0s

#8 [builder 2/6] WORKDIR /app
#8 CACHED

#9 [builder 3/6] COPY package*.json ./
#9 CACHED

#10 [builder 5/6] COPY . .
#10 CACHED

#11 [builder 6/6] RUN npm run build
#11 CACHED

#12 [builder 4/6] RUN npm ci
#12 CACHED

#13 [stage-1 2/3] COPY --from=builder /app/dist /usr/share/nginx/html
#13 CACHED

#14 [stage-1 3/3] COPY nginx.conf /etc/nginx/conf.d/default.conf
#14 CACHED

#15 exporting to image
#15 exporting layers done
#15 exporting manifest sha256:998ea95256ee7b11b040672a9c0d6adf71d3ef43cd360ac55a2f6ad586b7f207 done
#15 exporting config sha256:6c283c931df887f09b0df431d101f7a9aea66b24cdb7dbcf09f15a7a3419a904 done
#15 exporting attestation manifest sha256:3fb1c908709f90c9b2fd0b5f87947ac924c0e388fba953d811b9f384de2d0385 0.0s done
#15 exporting manifest list sha256:cb44d5f3ff10d3c524fa673bb71a4148cf5e60d3642b7047b4d0a097dda866cd done
#15 naming to docker.io/library/postgram-postgram-ui:latest done
#15 unpacking to docker.io/library/postgram-postgram-ui:latest done
#15 DONE 0.1s
----------------------------------------
Build complete! You can now import
cosmos-compose.json into Cosmos Cloud.
----------------------------------------
Rebuilding MCP Server image...
#0 building with "default" instance using docker driver

#1 [internal] load build definition from Dockerfile
#1 transferring dockerfile: 785B done
#1 DONE 0.0s

#2 [internal] load metadata for docker.io/library/node:22-alpine
#2 DONE 0.3s

#3 [internal] load .dockerignore
#3 transferring context: 2B done
#3 DONE 0.0s

#4 [builder 1/8] FROM docker.io/library/node:22-alpine@sha256:c610fcdfb1d5b4740dd70c284ed3cb16bb857e0f7166196e36a5501df7a3aa32
#4 resolve docker.io/library/node:22-alpine@sha256:c610fcdfb1d5b4740dd70c284ed3cb16bb857e0f7166196e36a5501df7a3aa32 0.0s done
#4 DONE 0.0s

#5 [internal] load build context
#5 transferring context: 3.11kB done
#5 DONE 0.0s

#6 [stage-1 5/8] COPY --from=builder /app/node_modules ./node_modules
#6 CACHED

#7 [builder 6/8] COPY tsconfig.json tsconfig.build.json ./
#7 CACHED

#8 [stage-1 3/8] RUN apk add --no-cache tini
#8 CACHED

#9 [builder 4/8] COPY cli/package.json ./cli/package.json
#9 CACHED

#10 [stage-1 4/8] COPY --from=builder /app/dist ./dist
#10 CACHED

#11 [builder 7/8] COPY src ./src
#11 CACHED

#12 [builder 2/8] WORKDIR /app
#12 CACHED

#13 [builder 5/8] RUN npm ci
#13 CACHED

#14 [stage-1 7/8] COPY src/db/migrations ./dist/db/migrations
#14 CACHED

#15 [builder 8/8] RUN npm run build
#15 CACHED

#16 [builder 3/8] COPY package.json package-lock.json ./
#16 CACHED

#17 [stage-1 6/8] COPY --from=builder /app/package.json ./
#17 CACHED

#18 [stage-1 8/8] RUN chmod +x /app/dist/cli/admin/pgm-admin.js  && ln -s /app/dist/cli/admin/pgm-admin.js /usr/local/bin/pgm-admin
#18 CACHED

#19 exporting to image
#19 exporting layers done
#19 exporting manifest sha256:b877a547ddada6ec35ec77fd3e82d1d9cf8d9a3972a46edf3748cf331724972e done
#19 exporting config sha256:146978ad39196b38d1e4abfe1e056d979c077f752bb0cb044a286ebba36860e9 done
#19 exporting attestation manifest sha256:f9ebc8301750747a711ccb82d24a67d78b77cb3bd3ef94ad238e9f5ad6d51620 0.0s done
#19 exporting manifest list sha256:4b7996994d9097f0d1c111ca7c33cc4b9095ff4802d6b859c8bac95b2b968ed0 done
#19 naming to docker.io/library/postgram-mcp-server:latest done
#19 unpacking to docker.io/library/postgram-mcp-server:latest done
#19 DONE 0.1s
Restarting containers...
 Container postgram-ollama-1 Running 
 Container postgram-postgres-1 Running 
 Container postgram-mcp-server-1 Recreate 
 Container postgram-mcp-server-1 Recreated 
 Container postgram-postgram-ui-1 Recreate 
 Container postgram-postgram-ui-1 Recreated 
 Container postgram-postgres-1 Waiting 
 Container postgram-postgres-1 Healthy 
 Container postgram-mcp-server-1 Starting 
 Container postgram-mcp-server-1 Started 
 Container postgram-postgram-ui-1 Starting 
 Container postgram-postgram-ui-1 Started 
=== Update complete ===
=== Checking for updates from upstream repository ===
From https://github.com/Haasie/postgram
 * branch            main       -> FETCH_HEAD
New updates found! Pulling changes...
No local changes to save
From https://github.com/Haasie/postgram
 * branch            main       -> FETCH_HEAD
Already up to date.
No stash entries found.
Warning: Stash pop had conflicts. You may need to resolve them manually in the editor.
Rebuilding UI image...
Building postgram-postgram-ui:latest locally...
#0 building with "default" instance using docker driver

#1 [internal] load build definition from Dockerfile
#1 transferring dockerfile: 271B done
#1 DONE 0.0s

#2 [internal] load metadata for docker.io/library/node:22-alpine
#2 DONE 1.4s

#3 [internal] load metadata for docker.io/library/nginx:alpine
#3 DONE 2.1s

#4 [internal] load .dockerignore
#4 transferring context: 85B done
#4 DONE 0.0s

#5 [internal] load build context
#5 transferring context: 3.87kB done
#5 DONE 0.0s

#6 [builder 1/6] FROM docker.io/library/node:22-alpine@sha256:c610fcdfb1d5b4740dd70c284ed3cb16bb857e0f7166196e36a5501df7a3aa32
#6 resolve docker.io/library/node:22-alpine@sha256:c610fcdfb1d5b4740dd70c284ed3cb16bb857e0f7166196e36a5501df7a3aa32 0.0s done
#6 DONE 0.0s

#7 [stage-1 1/3] FROM docker.io/library/nginx:alpine@sha256:4a73073bd557c65b759505da037898b61f1be6cbcc3c2c3aeac22d2a470c1752
#7 resolve docker.io/library/nginx:alpine@sha256:4a73073bd557c65b759505da037898b61f1be6cbcc3c2c3aeac22d2a470c1752 0.0s done
#7 DONE 0.0s

#8 [builder 5/6] COPY . .
#8 CACHED

#9 [builder 6/6] RUN npm run build
#9 CACHED

#10 [builder 4/6] RUN npm ci
#10 CACHED

#11 [builder 2/6] WORKDIR /app
#11 CACHED

#12 [builder 3/6] COPY package*.json ./
#12 CACHED

#13 [stage-1 2/3] COPY --from=builder /app/dist /usr/share/nginx/html
#13 CACHED

#14 [stage-1 3/3] COPY nginx.conf /etc/nginx/conf.d/default.conf
#14 CACHED

#15 exporting to image
#15 exporting layers done
#15 exporting manifest sha256:998ea95256ee7b11b040672a9c0d6adf71d3ef43cd360ac55a2f6ad586b7f207 done
#15 exporting config sha256:6c283c931df887f09b0df431d101f7a9aea66b24cdb7dbcf09f15a7a3419a904 done
#15 exporting attestation manifest sha256:97bb09d4e92ef60cf4d1278efb86a3a6235e1b648256fd9d02600bdfd4bf67be 0.0s done
#15 exporting manifest list sha256:b13091ead405aeb5b8f044c97d70615532646a4551f789aec5f9f6e985c833ee done
#15 naming to docker.io/library/postgram-postgram-ui:latest done
#15 unpacking to docker.io/library/postgram-postgram-ui:latest done
#15 DONE 0.1s
----------------------------------------
Build complete! You can now import
cosmos-compose.json into Cosmos Cloud.
----------------------------------------
Rebuilding MCP Server image...
#0 building with "default" instance using docker driver

#1 [internal] load build definition from Dockerfile
#1 transferring dockerfile: 785B done
#1 DONE 0.0s

#2 [internal] load metadata for docker.io/library/node:22-alpine
#2 DONE 0.3s

#3 [internal] load .dockerignore
#3 transferring context: 2B done
#3 DONE 0.0s

#4 [builder 1/8] FROM docker.io/library/node:22-alpine@sha256:c610fcdfb1d5b4740dd70c284ed3cb16bb857e0f7166196e36a5501df7a3aa32
#4 resolve docker.io/library/node:22-alpine@sha256:c610fcdfb1d5b4740dd70c284ed3cb16bb857e0f7166196e36a5501df7a3aa32 0.0s done
#4 DONE 0.0s

#5 [internal] load build context
#5 transferring context: 3.11kB done
#5 DONE 0.0s

#6 [stage-1 7/8] COPY src/db/migrations ./dist/db/migrations
#6 CACHED

#7 [builder 3/8] COPY package.json package-lock.json ./
#7 CACHED

#8 [stage-1 4/8] COPY --from=builder /app/dist ./dist
#8 CACHED

#9 [builder 2/8] WORKDIR /app
#9 CACHED

#10 [builder 6/8] COPY tsconfig.json tsconfig.build.json ./
#10 CACHED

#11 [builder 7/8] COPY src ./src
#11 CACHED

#12 [builder 5/8] RUN npm ci
#12 CACHED

#13 [builder 4/8] COPY cli/package.json ./cli/package.json
#13 CACHED

#14 [stage-1 6/8] COPY --from=builder /app/package.json ./
#14 CACHED

#15 [stage-1 3/8] RUN apk add --no-cache tini
#15 CACHED

#16 [stage-1 5/8] COPY --from=builder /app/node_modules ./node_modules
#16 CACHED

#17 [builder 8/8] RUN npm run build
#17 CACHED

#18 [stage-1 8/8] RUN chmod +x /app/dist/cli/admin/pgm-admin.js  && ln -s /app/dist/cli/admin/pgm-admin.js /usr/local/bin/pgm-admin
#18 CACHED

#19 exporting to image
#19 exporting layers done
#19 exporting manifest sha256:b877a547ddada6ec35ec77fd3e82d1d9cf8d9a3972a46edf3748cf331724972e done
#19 exporting config sha256:146978ad39196b38d1e4abfe1e056d979c077f752bb0cb044a286ebba36860e9 done
#19 exporting attestation manifest sha256:87a96b4ae502a9e3a3cac07f85403347d0552a9b77f7772ee360e08b0acb8f29 0.0s done
#19 exporting manifest list sha256:5caea570ef48db549322b04bf941611e379bb10b1f33473dd2aad8154c22ff45 done
#19 naming to docker.io/library/postgram-mcp-server:latest done
#19 unpacking to docker.io/library/postgram-mcp-server:latest done
#19 DONE 0.1s
Restarting containers...
 Container postgram-postgres-1 Running 
 Container postgram-ollama-1 Running 
 Container postgram-mcp-server-1 Recreate 
 Container postgram-mcp-server-1 Recreated 
 Container postgram-postgram-ui-1 Recreate 
 Container postgram-postgram-ui-1 Recreated 
 Container postgram-postgres-1 Waiting 
 Container postgram-postgres-1 Healthy 
 Container postgram-mcp-server-1 Starting 
 Container postgram-mcp-server-1 Started 
 Container postgram-postgram-ui-1 Starting 
 Container postgram-postgram-ui-1 Started 
=== Update complete ===
=== Checking for updates from upstream repository ===
From https://github.com/Haasie/postgram
 * branch            main       -> FETCH_HEAD
New updates found! Pulling changes...
No local changes to save
From https://github.com/Haasie/postgram
 * branch            main       -> FETCH_HEAD
Already up to date.
No stash entries found.
Warning: Stash pop had conflicts. You may need to resolve them manually in the editor.
Rebuilding UI image...
Building postgram-postgram-ui:latest locally...
#0 building with "default" instance using docker driver

#1 [internal] load build definition from Dockerfile
#1 transferring dockerfile: 271B done
#1 DONE 0.0s

#2 [internal] load metadata for docker.io/library/nginx:alpine
#2 ...

#3 [internal] load metadata for docker.io/library/node:22-alpine
#3 DONE 0.9s

#2 [internal] load metadata for docker.io/library/nginx:alpine
#2 DONE 1.8s

#4 [internal] load .dockerignore
#4 transferring context: 85B done
#4 DONE 0.0s

#5 [internal] load build context
#5 transferring context: 3.87kB done
#5 DONE 0.0s

#6 [builder 1/6] FROM docker.io/library/node:22-alpine@sha256:c610fcdfb1d5b4740dd70c284ed3cb16bb857e0f7166196e36a5501df7a3aa32
#6 resolve docker.io/library/node:22-alpine@sha256:c610fcdfb1d5b4740dd70c284ed3cb16bb857e0f7166196e36a5501df7a3aa32 0.0s done
#6 DONE 0.0s

#7 [stage-1 1/3] FROM docker.io/library/nginx:alpine@sha256:4a73073bd557c65b759505da037898b61f1be6cbcc3c2c3aeac22d2a470c1752
#7 resolve docker.io/library/nginx:alpine@sha256:4a73073bd557c65b759505da037898b61f1be6cbcc3c2c3aeac22d2a470c1752 0.0s done
#7 DONE 0.0s

#8 [stage-1 2/3] COPY --from=builder /app/dist /usr/share/nginx/html
#8 CACHED

#9 [builder 2/6] WORKDIR /app
#9 CACHED

#10 [builder 3/6] COPY package*.json ./
#10 CACHED

#11 [builder 4/6] RUN npm ci
#11 CACHED

#12 [builder 5/6] COPY . .
#12 CACHED

#13 [builder 6/6] RUN npm run build
#13 CACHED

#14 [stage-1 3/3] COPY nginx.conf /etc/nginx/conf.d/default.conf
#14 CACHED

#15 exporting to image
#15 exporting layers done
#15 exporting manifest sha256:998ea95256ee7b11b040672a9c0d6adf71d3ef43cd360ac55a2f6ad586b7f207 done
#15 exporting config sha256:6c283c931df887f09b0df431d101f7a9aea66b24cdb7dbcf09f15a7a3419a904 done
#15 exporting attestation manifest sha256:d72109b2db19cfa8921dcbb387e9d2a1a77f014952efb4d64672f2c867532e02 0.0s done
#15 exporting manifest list sha256:667292afd55ae1ef6cefe31b6099c5300451dd80567715527b4263ad8331e51a done
#15 naming to docker.io/library/postgram-postgram-ui:latest done
#15 unpacking to docker.io/library/postgram-postgram-ui:latest done
#15 DONE 0.0s
----------------------------------------
Build complete! You can now import
cosmos-compose.json into Cosmos Cloud.
----------------------------------------
Rebuilding MCP Server image...
#0 building with "default" instance using docker driver

#1 [internal] load build definition from Dockerfile
#1 transferring dockerfile: 785B done
#1 DONE 0.0s

#2 [internal] load metadata for docker.io/library/node:22-alpine
#2 DONE 0.4s

#3 [internal] load .dockerignore
#3 transferring context: 2B done
#3 DONE 0.0s

#4 [builder 1/8] FROM docker.io/library/node:22-alpine@sha256:c610fcdfb1d5b4740dd70c284ed3cb16bb857e0f7166196e36a5501df7a3aa32
#4 resolve docker.io/library/node:22-alpine@sha256:c610fcdfb1d5b4740dd70c284ed3cb16bb857e0f7166196e36a5501df7a3aa32 0.0s done
#4 DONE 0.0s

#5 [internal] load build context
#5 transferring context: 3.11kB done
#5 DONE 0.0s

#6 [stage-1 5/8] COPY --from=builder /app/node_modules ./node_modules
#6 CACHED

#7 [stage-1 3/8] RUN apk add --no-cache tini
#7 CACHED

#8 [builder 3/8] COPY package.json package-lock.json ./
#8 CACHED

#9 [builder 2/8] WORKDIR /app
#9 CACHED

#10 [builder 7/8] COPY src ./src
#10 CACHED

#11 [stage-1 6/8] COPY --from=builder /app/package.json ./
#11 CACHED

#12 [stage-1 7/8] COPY src/db/migrations ./dist/db/migrations
#12 CACHED

#13 [builder 4/8] COPY cli/package.json ./cli/package.json
#13 CACHED

#14 [builder 5/8] RUN npm ci
#14 CACHED

#15 [builder 8/8] RUN npm run build
#15 CACHED

#16 [stage-1 4/8] COPY --from=builder /app/dist ./dist
#16 CACHED

#17 [builder 6/8] COPY tsconfig.json tsconfig.build.json ./
#17 CACHED

#18 [stage-1 8/8] RUN chmod +x /app/dist/cli/admin/pgm-admin.js  && ln -s /app/dist/cli/admin/pgm-admin.js /usr/local/bin/pgm-admin
#18 CACHED

#19 exporting to image
#19 exporting layers done
#19 exporting manifest sha256:b877a547ddada6ec35ec77fd3e82d1d9cf8d9a3972a46edf3748cf331724972e done
#19 exporting config sha256:146978ad39196b38d1e4abfe1e056d979c077f752bb0cb044a286ebba36860e9 done
#19 exporting attestation manifest sha256:97751b89111920918ad3177fe215113446c4e445e98f32e4b4d8336dd09741a5 0.0s done
#19 exporting manifest list sha256:5812befe80c3ae0eeb9db44d8faad25bfa8de96c5cb9868047c49e3166c88ecf 0.0s done
#19 naming to docker.io/library/postgram-mcp-server:latest
#19 naming to docker.io/library/postgram-mcp-server:latest done
#19 unpacking to docker.io/library/postgram-mcp-server:latest done
#19 DONE 0.1s
Restarting containers...
 Container postgram-postgres-1 Running 
 Container postgram-ollama-1 Running 
 Container postgram-mcp-server-1 Recreate 
 Container postgram-mcp-server-1 Recreated 
 Container postgram-postgram-ui-1 Recreate 
 Container postgram-postgram-ui-1 Recreated 
 Container postgram-postgres-1 Waiting 
 Container postgram-postgres-1 Healthy 
 Container postgram-mcp-server-1 Starting 
 Container postgram-mcp-server-1 Started 
 Container postgram-postgram-ui-1 Starting 
 Container postgram-postgram-ui-1 Started 
=== Update complete ===
=== Checking for updates from upstream repository ===
From https://github.com/Haasie/postgram
 * branch            main       -> FETCH_HEAD
New updates found! Pulling changes...
No local changes to save
From https://github.com/Haasie/postgram
 * branch            main       -> FETCH_HEAD
Already up to date.
No stash entries found.
Warning: Stash pop had conflicts. You may need to resolve them manually in the editor.
Rebuilding UI image...
Building postgram-postgram-ui:latest locally...
#0 building with "default" instance using docker driver

#1 [internal] load build definition from Dockerfile
#1 transferring dockerfile: 271B done
#1 DONE 0.0s

#2 [internal] load metadata for docker.io/library/node:22-alpine
#2 DONE 0.7s

#3 [internal] load metadata for docker.io/library/nginx:alpine
#3 DONE 1.1s

#4 [internal] load .dockerignore
#4 transferring context: 85B done
#4 DONE 0.0s

#5 [internal] load build context
#5 transferring context: 3.87kB done
#5 DONE 0.0s

#6 [stage-1 1/3] FROM docker.io/library/nginx:alpine@sha256:4a73073bd557c65b759505da037898b61f1be6cbcc3c2c3aeac22d2a470c1752
#6 resolve docker.io/library/nginx:alpine@sha256:4a73073bd557c65b759505da037898b61f1be6cbcc3c2c3aeac22d2a470c1752 0.0s done
#6 DONE 0.0s

#7 [builder 1/6] FROM docker.io/library/node:22-alpine@sha256:c610fcdfb1d5b4740dd70c284ed3cb16bb857e0f7166196e36a5501df7a3aa32
#7 resolve docker.io/library/node:22-alpine@sha256:c610fcdfb1d5b4740dd70c284ed3cb16bb857e0f7166196e36a5501df7a3aa32 0.0s done
#7 DONE 0.0s

#8 [builder 5/6] COPY . .
#8 CACHED

#9 [builder 2/6] WORKDIR /app
#9 CACHED

#10 [stage-1 2/3] COPY --from=builder /app/dist /usr/share/nginx/html
#10 CACHED

#11 [builder 3/6] COPY package*.json ./
#11 CACHED

#12 [builder 4/6] RUN npm ci
#12 CACHED

#13 [builder 6/6] RUN npm run build
#13 CACHED

#14 [stage-1 3/3] COPY nginx.conf /etc/nginx/conf.d/default.conf
#14 CACHED

#15 exporting to image
#15 exporting layers done
#15 exporting manifest sha256:998ea95256ee7b11b040672a9c0d6adf71d3ef43cd360ac55a2f6ad586b7f207 done
#15 exporting config sha256:6c283c931df887f09b0df431d101f7a9aea66b24cdb7dbcf09f15a7a3419a904 done
#15 exporting attestation manifest sha256:5f6e745bc856e89ac3bc5a4128aee5d73654f6fa7041dfc612fe14acb88a7a73 0.0s done
#15 exporting manifest list sha256:9e7880de00b4454e5894c28ff7a6041237365fcb7f0d75988283fc0d86f9cc0f done
#15 naming to docker.io/library/postgram-postgram-ui:latest done
#15 unpacking to docker.io/library/postgram-postgram-ui:latest done
#15 DONE 0.1s
----------------------------------------
Build complete! You can now import
cosmos-compose.json into Cosmos Cloud.
----------------------------------------
Rebuilding MCP Server image...
#0 building with "default" instance using docker driver

#1 [internal] load build definition from Dockerfile
#1 transferring dockerfile: 785B done
#1 DONE 0.0s

#2 [internal] load metadata for docker.io/library/node:22-alpine
#2 DONE 0.2s

#3 [internal] load .dockerignore
#3 transferring context: 2B done
#3 DONE 0.0s

#4 [builder 1/8] FROM docker.io/library/node:22-alpine@sha256:c610fcdfb1d5b4740dd70c284ed3cb16bb857e0f7166196e36a5501df7a3aa32
#4 resolve docker.io/library/node:22-alpine@sha256:c610fcdfb1d5b4740dd70c284ed3cb16bb857e0f7166196e36a5501df7a3aa32 0.0s done
#4 DONE 0.0s

#5 [internal] load build context
#5 transferring context: 3.11kB done
#5 DONE 0.0s

#6 [builder 7/8] COPY src ./src
#6 CACHED

#7 [stage-1 4/8] COPY --from=builder /app/dist ./dist
#7 CACHED

#8 [stage-1 5/8] COPY --from=builder /app/node_modules ./node_modules
#8 CACHED

#9 [builder 2/8] WORKDIR /app
#9 CACHED

#10 [builder 6/8] COPY tsconfig.json tsconfig.build.json ./
#10 CACHED

#11 [stage-1 7/8] COPY src/db/migrations ./dist/db/migrations
#11 CACHED

#12 [builder 8/8] RUN npm run build
#12 CACHED

#13 [builder 5/8] RUN npm ci
#13 CACHED

#14 [builder 3/8] COPY package.json package-lock.json ./
#14 CACHED

#15 [builder 4/8] COPY cli/package.json ./cli/package.json
#15 CACHED

#16 [stage-1 3/8] RUN apk add --no-cache tini
#16 CACHED

#17 [stage-1 6/8] COPY --from=builder /app/package.json ./
#17 CACHED

#18 [stage-1 8/8] RUN chmod +x /app/dist/cli/admin/pgm-admin.js  && ln -s /app/dist/cli/admin/pgm-admin.js /usr/local/bin/pgm-admin
#18 CACHED

#19 exporting to image
#19 exporting layers done
#19 exporting manifest sha256:b877a547ddada6ec35ec77fd3e82d1d9cf8d9a3972a46edf3748cf331724972e done
#19 exporting config sha256:146978ad39196b38d1e4abfe1e056d979c077f752bb0cb044a286ebba36860e9 done
#19 exporting attestation manifest sha256:75e2d96587560b401c28b6722563c51e9f68dd6455277c0fc1839a5e0fb15cbe 0.0s done
#19 exporting manifest list sha256:83f91511069c2cfd142aa8bfbcc4c41603ca11625e19d16fdc23356afe66d14e done
#19 naming to docker.io/library/postgram-mcp-server:latest done
#19 unpacking to docker.io/library/postgram-mcp-server:latest done
#19 DONE 0.1s
Restarting containers...
 Container postgram-postgres-1 Running 
 Container postgram-ollama-1 Running 
 Container postgram-mcp-server-1 Recreate 
 Container postgram-mcp-server-1 Recreated 
 Container postgram-postgram-ui-1 Recreate 
 Container postgram-postgram-ui-1 Recreated 
 Container postgram-postgres-1 Waiting 
 Container postgram-postgres-1 Healthy 
 Container postgram-mcp-server-1 Starting 
 Container postgram-mcp-server-1 Started 
 Container postgram-postgram-ui-1 Starting 
 Container postgram-postgram-ui-1 Started 
=== Update complete ===
=== Checking for updates from upstream repository ===
From https://github.com/Haasie/postgram
 * branch            main       -> FETCH_HEAD
New updates found! Pulling changes...
No local changes to save
From https://github.com/Haasie/postgram
 * branch            main       -> FETCH_HEAD
Already up to date.
No stash entries found.
Warning: Stash pop had conflicts. You may need to resolve them manually in the editor.
Rebuilding UI image...
Building postgram-postgram-ui:latest locally...
#0 building with "default" instance using docker driver

#1 [internal] load build definition from Dockerfile
#1 transferring dockerfile: 271B done
#1 DONE 0.0s

#2 [internal] load metadata for docker.io/library/nginx:alpine
#2 ...

#3 [internal] load metadata for docker.io/library/node:22-alpine
#3 DONE 1.0s

#2 [internal] load metadata for docker.io/library/nginx:alpine
#2 DONE 1.5s

#4 [internal] load .dockerignore
#4 transferring context: 85B done
#4 DONE 0.0s

#5 [internal] load build context
#5 transferring context: 3.87kB done
#5 DONE 0.0s

#6 [builder 1/6] FROM docker.io/library/node:22-alpine@sha256:c610fcdfb1d5b4740dd70c284ed3cb16bb857e0f7166196e36a5501df7a3aa32
#6 resolve docker.io/library/node:22-alpine@sha256:c610fcdfb1d5b4740dd70c284ed3cb16bb857e0f7166196e36a5501df7a3aa32 0.0s done
#6 DONE 0.0s

#7 [stage-1 1/3] FROM docker.io/library/nginx:alpine@sha256:4a73073bd557c65b759505da037898b61f1be6cbcc3c2c3aeac22d2a470c1752
#7 resolve docker.io/library/nginx:alpine@sha256:4a73073bd557c65b759505da037898b61f1be6cbcc3c2c3aeac22d2a470c1752 0.0s done
#7 DONE 0.0s

#8 [builder 6/6] RUN npm run build
#8 CACHED

#9 [stage-1 2/3] COPY --from=builder /app/dist /usr/share/nginx/html
#9 CACHED

#10 [builder 4/6] RUN npm ci
#10 CACHED

#11 [builder 2/6] WORKDIR /app
#11 CACHED

#12 [builder 3/6] COPY package*.json ./
#12 CACHED

#13 [builder 5/6] COPY . .
#13 CACHED

#14 [stage-1 3/3] COPY nginx.conf /etc/nginx/conf.d/default.conf
#14 CACHED

#15 exporting to image
#15 exporting layers done
#15 exporting manifest sha256:998ea95256ee7b11b040672a9c0d6adf71d3ef43cd360ac55a2f6ad586b7f207 done
#15 exporting config sha256:6c283c931df887f09b0df431d101f7a9aea66b24cdb7dbcf09f15a7a3419a904 done
#15 exporting attestation manifest sha256:729b972124104cdcc50432c0e7601d5afaa8ae9045b06d9f0c4c55a4f89fb6e0 0.0s done
#15 exporting manifest list sha256:4d275fe020907ad9013885041cf19b8746b0020f0cace8b950f41754f2f6eae0 done
#15 naming to docker.io/library/postgram-postgram-ui:latest done
#15 unpacking to docker.io/library/postgram-postgram-ui:latest done
#15 DONE 0.1s
----------------------------------------
Build complete! You can now import
cosmos-compose.json into Cosmos Cloud.
----------------------------------------
Rebuilding MCP Server image...
#0 building with "default" instance using docker driver

#1 [internal] load build definition from Dockerfile
#1 transferring dockerfile: 785B done
#1 DONE 0.0s

#2 [internal] load metadata for docker.io/library/node:22-alpine
#2 DONE 0.3s

#3 [internal] load .dockerignore
#3 transferring context: 2B done
#3 DONE 0.0s

#4 [builder 1/8] FROM docker.io/library/node:22-alpine@sha256:c610fcdfb1d5b4740dd70c284ed3cb16bb857e0f7166196e36a5501df7a3aa32
#4 resolve docker.io/library/node:22-alpine@sha256:c610fcdfb1d5b4740dd70c284ed3cb16bb857e0f7166196e36a5501df7a3aa32 0.0s done
#4 DONE 0.0s

#5 [internal] load build context
#5 transferring context: 3.11kB done
#5 DONE 0.0s

#6 [builder 8/8] RUN npm run build
#6 CACHED

#7 [builder 2/8] WORKDIR /app
#7 CACHED

#8 [builder 3/8] COPY package.json package-lock.json ./
#8 CACHED

#9 [stage-1 3/8] RUN apk add --no-cache tini
#9 CACHED

#10 [stage-1 7/8] COPY src/db/migrations ./dist/db/migrations
#10 CACHED

#11 [stage-1 5/8] COPY --from=builder /app/node_modules ./node_modules
#11 CACHED

#12 [builder 6/8] COPY tsconfig.json tsconfig.build.json ./
#12 CACHED

#13 [stage-1 4/8] COPY --from=builder /app/dist ./dist
#13 CACHED

#14 [builder 7/8] COPY src ./src
#14 CACHED

#15 [stage-1 6/8] COPY --from=builder /app/package.json ./
#15 CACHED

#16 [builder 4/8] COPY cli/package.json ./cli/package.json
#16 CACHED

#17 [builder 5/8] RUN npm ci
#17 CACHED

#18 [stage-1 8/8] RUN chmod +x /app/dist/cli/admin/pgm-admin.js  && ln -s /app/dist/cli/admin/pgm-admin.js /usr/local/bin/pgm-admin
#18 CACHED

#19 exporting to image
#19 exporting layers done
#19 exporting manifest sha256:b877a547ddada6ec35ec77fd3e82d1d9cf8d9a3972a46edf3748cf331724972e done
#19 exporting config sha256:146978ad39196b38d1e4abfe1e056d979c077f752bb0cb044a286ebba36860e9 done
#19 exporting attestation manifest sha256:d0862d6e9788bed8431e239eb66c73cc12a6aaa372cec50f381bc49211fb7077 0.0s done
#19 exporting manifest list sha256:b6086e7f2813a9ee881c3cbffd0ba17ac50763f0772095a017d3fdb783d4bb86 done
#19 naming to docker.io/library/postgram-mcp-server:latest done
#19 unpacking to docker.io/library/postgram-mcp-server:latest done
#19 DONE 0.1s
Restarting containers...
 Container postgram-postgres-1 Running 
 Container postgram-ollama-1 Running 
 Container postgram-mcp-server-1 Recreate 
 Container postgram-mcp-server-1 Recreated 
 Container postgram-postgram-ui-1 Recreate 
 Container postgram-postgram-ui-1 Recreated 
 Container postgram-postgres-1 Waiting 
 Container postgram-postgres-1 Healthy 
 Container postgram-mcp-server-1 Starting 
 Container postgram-mcp-server-1 Started 
 Container postgram-postgram-ui-1 Starting 
 Container postgram-postgram-ui-1 Started 
=== Update complete ===
=== Checking for updates from upstream repository ===
From https://github.com/Haasie/postgram
 * branch            main       -> FETCH_HEAD
New updates found! Pulling changes...
No local changes to save
From https://github.com/Haasie/postgram
 * branch            main       -> FETCH_HEAD
Already up to date.
No stash entries found.
Warning: Stash pop had conflicts. You may need to resolve them manually in the editor.
Rebuilding UI image...
Building postgram-postgram-ui:latest locally...
#0 building with "default" instance using docker driver

#1 [internal] load build definition from Dockerfile
#1 transferring dockerfile: 271B done
#1 DONE 0.1s

#2 [internal] load metadata for docker.io/library/nginx:alpine
#2 ...

#3 [internal] load metadata for docker.io/library/node:22-alpine
#3 DONE 1.4s

#2 [internal] load metadata for docker.io/library/nginx:alpine
#2 DONE 2.6s

#4 [internal] load .dockerignore
#4 transferring context: 85B done
#4 DONE 0.1s

#5 [internal] load build context
#5 transferring context: 3.87kB done
#5 DONE 0.1s

#6 [builder 1/6] FROM docker.io/library/node:22-alpine@sha256:c610fcdfb1d5b4740dd70c284ed3cb16bb857e0f7166196e36a5501df7a3aa32
#6 resolve docker.io/library/node:22-alpine@sha256:c610fcdfb1d5b4740dd70c284ed3cb16bb857e0f7166196e36a5501df7a3aa32
#6 resolve docker.io/library/node:22-alpine@sha256:c610fcdfb1d5b4740dd70c284ed3cb16bb857e0f7166196e36a5501df7a3aa32 0.1s done
#6 DONE 0.1s

#7 [stage-1 1/3] FROM docker.io/library/nginx:alpine@sha256:4a73073bd557c65b759505da037898b61f1be6cbcc3c2c3aeac22d2a470c1752
#7 resolve docker.io/library/nginx:alpine@sha256:4a73073bd557c65b759505da037898b61f1be6cbcc3c2c3aeac22d2a470c1752 0.1s done
#7 DONE 0.1s

#8 [builder 3/6] COPY package*.json ./
#8 CACHED

#9 [builder 6/6] RUN npm run build
#9 CACHED

#10 [builder 2/6] WORKDIR /app
#10 CACHED

#11 [builder 4/6] RUN npm ci
#11 CACHED

#12 [stage-1 2/3] COPY --from=builder /app/dist /usr/share/nginx/html
#12 CACHED

#13 [builder 5/6] COPY . .
#13 CACHED

#14 [stage-1 3/3] COPY nginx.conf /etc/nginx/conf.d/default.conf
#14 CACHED

#15 exporting to image
#15 exporting layers done
#15 exporting manifest sha256:998ea95256ee7b11b040672a9c0d6adf71d3ef43cd360ac55a2f6ad586b7f207 done
#15 exporting config sha256:6c283c931df887f09b0df431d101f7a9aea66b24cdb7dbcf09f15a7a3419a904 0.1s done
#15 exporting attestation manifest sha256:bc35f5bc8bbc1d388c09e966b4735a9b3cf7841aa17a8b5571b33cf1a6035da6 0.0s done
#15 exporting manifest list sha256:77bf936fdf9a3ff5c6b0719f2d92805c1417aa22a7aace9e99bf13212ef63fdf
#15 exporting manifest list sha256:77bf936fdf9a3ff5c6b0719f2d92805c1417aa22a7aace9e99bf13212ef63fdf 0.1s done
#15 naming to docker.io/library/postgram-postgram-ui:latest done
#15 unpacking to docker.io/library/postgram-postgram-ui:latest done
#15 DONE 0.2s
----------------------------------------
Build complete! You can now import
cosmos-compose.json into Cosmos Cloud.
----------------------------------------
Rebuilding MCP Server image...
#0 building with "default" instance using docker driver

#1 [internal] load build definition from Dockerfile
#1 transferring dockerfile: 785B done
#1 DONE 0.0s

#2 [internal] load metadata for docker.io/library/node:22-alpine
#2 DONE 0.3s

#3 [internal] load .dockerignore
#3 transferring context: 2B done
#3 DONE 0.0s

#4 [builder 1/8] FROM docker.io/library/node:22-alpine@sha256:c610fcdfb1d5b4740dd70c284ed3cb16bb857e0f7166196e36a5501df7a3aa32
#4 resolve docker.io/library/node:22-alpine@sha256:c610fcdfb1d5b4740dd70c284ed3cb16bb857e0f7166196e36a5501df7a3aa32 0.0s done
#4 DONE 0.0s

#5 [internal] load build context
#5 transferring context: 3.11kB done
#5 DONE 0.0s

#6 [stage-1 3/8] RUN apk add --no-cache tini
#6 CACHED

#7 [stage-1 7/8] COPY src/db/migrations ./dist/db/migrations
#7 CACHED

#8 [builder 4/8] COPY cli/package.json ./cli/package.json
#8 CACHED

#9 [stage-1 6/8] COPY --from=builder /app/package.json ./
#9 CACHED

#10 [builder 6/8] COPY tsconfig.json tsconfig.build.json ./
#10 CACHED

#11 [builder 7/8] COPY src ./src
#11 CACHED

#12 [stage-1 4/8] COPY --from=builder /app/dist ./dist
#12 CACHED

#13 [builder 5/8] RUN npm ci
#13 CACHED

#14 [stage-1 5/8] COPY --from=builder /app/node_modules ./node_modules
#14 CACHED

#15 [builder 3/8] COPY package.json package-lock.json ./
#15 CACHED

#16 [builder 2/8] WORKDIR /app
#16 CACHED

#17 [builder 8/8] RUN npm run build
#17 CACHED

#18 [stage-1 8/8] RUN chmod +x /app/dist/cli/admin/pgm-admin.js  && ln -s /app/dist/cli/admin/pgm-admin.js /usr/local/bin/pgm-admin
#18 CACHED

#19 exporting to image
#19 exporting layers done
#19 exporting manifest sha256:b877a547ddada6ec35ec77fd3e82d1d9cf8d9a3972a46edf3748cf331724972e 0.1s done
#19 exporting config sha256:146978ad39196b38d1e4abfe1e056d979c077f752bb0cb044a286ebba36860e9
#19 exporting config sha256:146978ad39196b38d1e4abfe1e056d979c077f752bb0cb044a286ebba36860e9 done
#19 exporting attestation manifest sha256:e52c6540a9d28fe47e49fd48fd7f3e53a5885cb70e89ca6ccf2ea109dc27a7e2 0.1s done
#19 exporting manifest list sha256:fac12ecb4f409fe05dd8c5787a2c0bd7d2151e28263e769e6978ca5d72089625
#19 exporting manifest list sha256:fac12ecb4f409fe05dd8c5787a2c0bd7d2151e28263e769e6978ca5d72089625 0.1s done
#19 naming to docker.io/library/postgram-mcp-server:latest done
#19 unpacking to docker.io/library/postgram-mcp-server:latest done
#19 DONE 0.3s
Restarting containers...
 Container postgram-postgres-1 Running 
 Container postgram-ollama-1 Running 
 Container postgram-mcp-server-1 Recreate 
 Container postgram-mcp-server-1 Recreated 
 Container postgram-postgram-ui-1 Recreate 
 Container postgram-postgram-ui-1 Recreated 
 Container postgram-postgres-1 Waiting 
 Container postgram-postgres-1 Healthy 
 Container postgram-mcp-server-1 Starting 
 Container postgram-mcp-server-1 Started 
 Container postgram-postgram-ui-1 Starting 
 Container postgram-postgram-ui-1 Started 
=== Update complete ===
=== Checking for updates from upstream repository ===
From https://github.com/Haasie/postgram
 * branch            main       -> FETCH_HEAD
New updates found! Pulling changes...
No local changes to save
From https://github.com/Haasie/postgram
 * branch            main       -> FETCH_HEAD
Already up to date.
No stash entries found.
Warning: Stash pop had conflicts. You may need to resolve them manually in the editor.
Rebuilding UI image...
Building postgram-postgram-ui:latest locally...
#0 building with "default" instance using docker driver

#1 [internal] load build definition from Dockerfile
#1 transferring dockerfile: 271B done
#1 DONE 0.0s

#2 [internal] load metadata for docker.io/library/nginx:alpine
#2 ...

#3 [internal] load metadata for docker.io/library/node:22-alpine
#3 DONE 0.8s

#2 [internal] load metadata for docker.io/library/nginx:alpine
#2 DONE 1.6s

#4 [internal] load .dockerignore
#4 transferring context: 85B done
#4 DONE 0.0s

#5 [internal] load build context
#5 transferring context: 3.87kB done
#5 DONE 0.0s

#6 [stage-1 1/3] FROM docker.io/library/nginx:alpine@sha256:4a73073bd557c65b759505da037898b61f1be6cbcc3c2c3aeac22d2a470c1752
#6 resolve docker.io/library/nginx:alpine@sha256:4a73073bd557c65b759505da037898b61f1be6cbcc3c2c3aeac22d2a470c1752 0.0s done
#6 DONE 0.0s

#7 [builder 1/6] FROM docker.io/library/node:22-alpine@sha256:c610fcdfb1d5b4740dd70c284ed3cb16bb857e0f7166196e36a5501df7a3aa32
#7 resolve docker.io/library/node:22-alpine@sha256:c610fcdfb1d5b4740dd70c284ed3cb16bb857e0f7166196e36a5501df7a3aa32 0.0s done
#7 DONE 0.0s

#8 [builder 3/6] COPY package*.json ./
#8 CACHED

#9 [builder 2/6] WORKDIR /app
#9 CACHED

#10 [builder 5/6] COPY . .
#10 CACHED

#11 [builder 6/6] RUN npm run build
#11 CACHED

#12 [stage-1 2/3] COPY --from=builder /app/dist /usr/share/nginx/html
#12 CACHED

#13 [builder 4/6] RUN npm ci
#13 CACHED

#14 [stage-1 3/3] COPY nginx.conf /etc/nginx/conf.d/default.conf
#14 CACHED

#15 exporting to image
#15 exporting layers done
#15 exporting manifest sha256:998ea95256ee7b11b040672a9c0d6adf71d3ef43cd360ac55a2f6ad586b7f207 done
#15 exporting config sha256:6c283c931df887f09b0df431d101f7a9aea66b24cdb7dbcf09f15a7a3419a904 done
#15 exporting attestation manifest sha256:3da8ba784a80dd6132d9bc4c334e8537006a4ef791e8d9c3300319fc65ca9978 0.0s done
#15 exporting manifest list sha256:3c052dafa34efeff80d7f4c475ef22a855321eccee4dc978ce959cac58acfc6e done
#15 naming to docker.io/library/postgram-postgram-ui:latest done
#15 unpacking to docker.io/library/postgram-postgram-ui:latest done
#15 DONE 0.0s
----------------------------------------
Build complete! You can now import
cosmos-compose.json into Cosmos Cloud.
----------------------------------------
Rebuilding MCP Server image...
#0 building with "default" instance using docker driver

#1 [internal] load build definition from Dockerfile
#1 transferring dockerfile: 785B done
#1 DONE 0.0s

#2 [internal] load metadata for docker.io/library/node:22-alpine
#2 DONE 1.2s

#3 [internal] load .dockerignore
#3 transferring context: 2B done
#3 DONE 0.0s

#4 [builder 1/8] FROM docker.io/library/node:22-alpine@sha256:c610fcdfb1d5b4740dd70c284ed3cb16bb857e0f7166196e36a5501df7a3aa32
#4 resolve docker.io/library/node:22-alpine@sha256:c610fcdfb1d5b4740dd70c284ed3cb16bb857e0f7166196e36a5501df7a3aa32 0.0s done
#4 DONE 0.0s

#5 [internal] load build context
#5 transferring context: 3.11kB done
#5 DONE 0.0s

#6 [builder 6/8] COPY tsconfig.json tsconfig.build.json ./
#6 CACHED

#7 [stage-1 3/8] RUN apk add --no-cache tini
#7 CACHED

#8 [builder 5/8] RUN npm ci
#8 CACHED

#9 [builder 2/8] WORKDIR /app
#9 CACHED

#10 [builder 4/8] COPY cli/package.json ./cli/package.json
#10 CACHED

#11 [builder 3/8] COPY package.json package-lock.json ./
#11 CACHED

#12 [builder 7/8] COPY src ./src
#12 CACHED

#13 [stage-1 7/8] COPY src/db/migrations ./dist/db/migrations
#13 CACHED

#14 [stage-1 5/8] COPY --from=builder /app/node_modules ./node_modules
#14 CACHED

#15 [builder 8/8] RUN npm run build
#15 CACHED

#16 [stage-1 6/8] COPY --from=builder /app/package.json ./
#16 CACHED

#17 [stage-1 4/8] COPY --from=builder /app/dist ./dist
#17 CACHED

#18 [stage-1 8/8] RUN chmod +x /app/dist/cli/admin/pgm-admin.js  && ln -s /app/dist/cli/admin/pgm-admin.js /usr/local/bin/pgm-admin
#18 CACHED

#19 exporting to image
#19 exporting layers done
#19 exporting manifest sha256:b877a547ddada6ec35ec77fd3e82d1d9cf8d9a3972a46edf3748cf331724972e done
#19 exporting config sha256:146978ad39196b38d1e4abfe1e056d979c077f752bb0cb044a286ebba36860e9 done
#19 exporting attestation manifest sha256:aaf6094897ccbd485279184054867430144d1105524431cb160c8dab84044a6a 0.0s done
#19 exporting manifest list sha256:5d3f2d9b66ce83f963521d13dee472a5dc88103bc45bc0e0113b8bd848e88508 done
#19 naming to docker.io/library/postgram-mcp-server:latest done
#19 unpacking to docker.io/library/postgram-mcp-server:latest done
#19 DONE 0.1s
Restarting containers...
 Container postgram-postgres-1 Running 
 Container postgram-ollama-1 Running 
 Container postgram-mcp-server-1 Recreate 
 Container postgram-mcp-server-1 Recreated 
 Container postgram-postgram-ui-1 Recreate 
 Container postgram-postgram-ui-1 Recreated 
 Container postgram-postgres-1 Waiting 
 Container postgram-postgres-1 Healthy 
 Container postgram-mcp-server-1 Starting 
 Container postgram-mcp-server-1 Started 
 Container postgram-postgram-ui-1 Starting 
 Container postgram-postgram-ui-1 Started 
=== Update complete ===
=== Checking for updates from upstream repository ===
From https://github.com/Haasie/postgram
 * branch            main       -> FETCH_HEAD
New updates found! Pulling changes...
No local changes to save
From https://github.com/Haasie/postgram
 * branch            main       -> FETCH_HEAD
Already up to date.
No stash entries found.
Warning: Stash pop had conflicts. You may need to resolve them manually in the editor.
Rebuilding UI image...
Building postgram-postgram-ui:latest locally...
#0 building with "default" instance using docker driver

#1 [internal] load build definition from Dockerfile
#1 transferring dockerfile: 271B done
#1 DONE 0.0s

#2 [internal] load metadata for docker.io/library/nginx:alpine
#2 ...

#3 [internal] load metadata for docker.io/library/node:22-alpine
#3 DONE 0.8s

#2 [internal] load metadata for docker.io/library/nginx:alpine
#2 DONE 1.1s

#4 [internal] load .dockerignore
#4 transferring context: 85B done
#4 DONE 0.0s

#5 [internal] load build context
#5 transferring context: 3.87kB done
#5 DONE 0.0s

#6 [builder 1/6] FROM docker.io/library/node:22-alpine@sha256:c610fcdfb1d5b4740dd70c284ed3cb16bb857e0f7166196e36a5501df7a3aa32
#6 resolve docker.io/library/node:22-alpine@sha256:c610fcdfb1d5b4740dd70c284ed3cb16bb857e0f7166196e36a5501df7a3aa32 0.0s done
#6 DONE 0.0s

#7 [stage-1 1/3] FROM docker.io/library/nginx:alpine@sha256:4a73073bd557c65b759505da037898b61f1be6cbcc3c2c3aeac22d2a470c1752
#7 resolve docker.io/library/nginx:alpine@sha256:4a73073bd557c65b759505da037898b61f1be6cbcc3c2c3aeac22d2a470c1752 0.0s done
#7 DONE 0.0s

#8 [builder 2/6] WORKDIR /app
#8 CACHED

#9 [builder 4/6] RUN npm ci
#9 CACHED

#10 [builder 5/6] COPY . .
#10 CACHED

#11 [builder 3/6] COPY package*.json ./
#11 CACHED

#12 [builder 6/6] RUN npm run build
#12 CACHED

#13 [stage-1 2/3] COPY --from=builder /app/dist /usr/share/nginx/html
#13 CACHED

#14 [stage-1 3/3] COPY nginx.conf /etc/nginx/conf.d/default.conf
#14 CACHED

#15 exporting to image
#15 exporting layers done
#15 exporting manifest sha256:998ea95256ee7b11b040672a9c0d6adf71d3ef43cd360ac55a2f6ad586b7f207 done
#15 exporting config sha256:6c283c931df887f09b0df431d101f7a9aea66b24cdb7dbcf09f15a7a3419a904 done
#15 exporting attestation manifest sha256:e56c3fe35a44728e7a1c4cffa1d98b716d893791580ef3d6812dfae7f4a75ddc 0.0s done
#15 exporting manifest list sha256:e170a1708a8108ef51ae76f61df4b338413bea06bfc1bf963475691a517d8300 done
#15 naming to docker.io/library/postgram-postgram-ui:latest done
#15 unpacking to docker.io/library/postgram-postgram-ui:latest done
#15 DONE 0.1s
----------------------------------------
Build complete! You can now import
cosmos-compose.json into Cosmos Cloud.
----------------------------------------
Rebuilding MCP Server image...
#0 building with "default" instance using docker driver

#1 [internal] load build definition from Dockerfile
#1 transferring dockerfile: 785B done
#1 DONE 0.0s

#2 [internal] load metadata for docker.io/library/node:22-alpine
#2 DONE 0.2s

#3 [internal] load .dockerignore
#3 transferring context: 2B done
#3 DONE 0.0s

#4 [builder 1/8] FROM docker.io/library/node:22-alpine@sha256:c610fcdfb1d5b4740dd70c284ed3cb16bb857e0f7166196e36a5501df7a3aa32
#4 resolve docker.io/library/node:22-alpine@sha256:c610fcdfb1d5b4740dd70c284ed3cb16bb857e0f7166196e36a5501df7a3aa32 0.0s done
#4 DONE 0.0s

#5 [internal] load build context
#5 transferring context: 3.11kB done
#5 DONE 0.0s

#6 [stage-1 5/8] COPY --from=builder /app/node_modules ./node_modules
#6 CACHED

#7 [builder 6/8] COPY tsconfig.json tsconfig.build.json ./
#7 CACHED

#8 [builder 5/8] RUN npm ci
#8 CACHED

#9 [stage-1 7/8] COPY src/db/migrations ./dist/db/migrations
#9 CACHED

#10 [builder 7/8] COPY src ./src
#10 CACHED

#11 [builder 2/8] WORKDIR /app
#11 CACHED

#12 [builder 4/8] COPY cli/package.json ./cli/package.json
#12 CACHED

#13 [stage-1 4/8] COPY --from=builder /app/dist ./dist
#13 CACHED

#14 [builder 8/8] RUN npm run build
#14 CACHED

#15 [stage-1 6/8] COPY --from=builder /app/package.json ./
#15 CACHED

#16 [stage-1 3/8] RUN apk add --no-cache tini
#16 CACHED

#17 [builder 3/8] COPY package.json package-lock.json ./
#17 CACHED

#18 [stage-1 8/8] RUN chmod +x /app/dist/cli/admin/pgm-admin.js  && ln -s /app/dist/cli/admin/pgm-admin.js /usr/local/bin/pgm-admin
#18 CACHED

#19 exporting to image
#19 exporting layers done
#19 exporting manifest sha256:b877a547ddada6ec35ec77fd3e82d1d9cf8d9a3972a46edf3748cf331724972e done
#19 exporting config sha256:146978ad39196b38d1e4abfe1e056d979c077f752bb0cb044a286ebba36860e9 done
#19 exporting attestation manifest sha256:4b9a2d2b1d72085aae5a6a2559d880c0a59db036be7dbea17d652402c27274d9 0.0s done
#19 exporting manifest list sha256:dabe35b10c84399f898b9d745221dfde03298159a7f4630ae8ab4efe69fb30d7 done
#19 naming to docker.io/library/postgram-mcp-server:latest done
#19 unpacking to docker.io/library/postgram-mcp-server:latest 0.0s done
#19 DONE 0.1s
Restarting containers...
 Container postgram-postgres-1 Running 
 Container postgram-ollama-1 Running 
 Container postgram-mcp-server-1 Recreate 
 Container postgram-mcp-server-1 Recreated 
 Container postgram-postgram-ui-1 Recreate 
 Container postgram-postgram-ui-1 Recreated 
 Container postgram-postgres-1 Waiting 
 Container postgram-postgres-1 Healthy 
 Container postgram-mcp-server-1 Starting 
 Container postgram-mcp-server-1 Started 
 Container postgram-postgram-ui-1 Starting 
 Container postgram-postgram-ui-1 Started 
=== Update complete ===
=== Checking for updates from upstream repository ===
From https://github.com/Haasie/postgram
 * branch            main       -> FETCH_HEAD
New updates found! Pulling changes...
No local changes to save
From https://github.com/Haasie/postgram
 * branch            main       -> FETCH_HEAD
Already up to date.
No stash entries found.
Warning: Stash pop had conflicts. You may need to resolve them manually in the editor.
Rebuilding UI image...
Building postgram-postgram-ui:latest locally...
#0 building with "default" instance using docker driver

#1 [internal] load build definition from Dockerfile
#1 transferring dockerfile: 271B done
#1 DONE 0.0s

#2 [internal] load metadata for docker.io/library/node:22-alpine
#2 DONE 1.1s

#3 [internal] load metadata for docker.io/library/nginx:alpine
#3 DONE 4.2s

#4 [internal] load .dockerignore
#4 transferring context: 85B done
#4 DONE 0.0s

#5 [internal] load build context
#5 transferring context: 3.87kB done
#5 DONE 0.0s

#6 [builder 1/6] FROM docker.io/library/node:22-alpine@sha256:c610fcdfb1d5b4740dd70c284ed3cb16bb857e0f7166196e36a5501df7a3aa32
#6 resolve docker.io/library/node:22-alpine@sha256:c610fcdfb1d5b4740dd70c284ed3cb16bb857e0f7166196e36a5501df7a3aa32 0.0s done
#6 DONE 0.0s

#7 [stage-1 1/3] FROM docker.io/library/nginx:alpine@sha256:4a73073bd557c65b759505da037898b61f1be6cbcc3c2c3aeac22d2a470c1752
#7 resolve docker.io/library/nginx:alpine@sha256:4a73073bd557c65b759505da037898b61f1be6cbcc3c2c3aeac22d2a470c1752 0.0s done
#7 DONE 0.0s

#8 [builder 3/6] COPY package*.json ./
#8 CACHED

#9 [builder 5/6] COPY . .
#9 CACHED

#10 [stage-1 2/3] COPY --from=builder /app/dist /usr/share/nginx/html
#10 CACHED

#11 [builder 2/6] WORKDIR /app
#11 CACHED

#12 [builder 4/6] RUN npm ci
#12 CACHED

#13 [builder 6/6] RUN npm run build
#13 CACHED

#14 [stage-1 3/3] COPY nginx.conf /etc/nginx/conf.d/default.conf
#14 CACHED

#15 exporting to image
#15 exporting layers done
#15 exporting manifest sha256:998ea95256ee7b11b040672a9c0d6adf71d3ef43cd360ac55a2f6ad586b7f207 done
#15 exporting config sha256:6c283c931df887f09b0df431d101f7a9aea66b24cdb7dbcf09f15a7a3419a904 done
#15 exporting attestation manifest sha256:76532934a83dbcc2371ebef2850ecebd53e081462f5197bc76084458a419ff6c 0.0s done
#15 exporting manifest list sha256:0213aef67ebe3a61669c5d797388bb133477b621e63f00e8281207f2b4216750 done
#15 naming to docker.io/library/postgram-postgram-ui:latest done
#15 unpacking to docker.io/library/postgram-postgram-ui:latest done
#15 DONE 0.1s
----------------------------------------
Build complete! You can now import
cosmos-compose.json into Cosmos Cloud.
----------------------------------------
Rebuilding MCP Server image...
#0 building with "default" instance using docker driver

#1 [internal] load build definition from Dockerfile
#1 transferring dockerfile: 785B done
#1 DONE 0.0s

#2 [internal] load metadata for docker.io/library/node:22-alpine
#2 DONE 0.3s

#3 [internal] load .dockerignore
#3 transferring context: 2B done
#3 DONE 0.0s

#4 [builder 1/8] FROM docker.io/library/node:22-alpine@sha256:c610fcdfb1d5b4740dd70c284ed3cb16bb857e0f7166196e36a5501df7a3aa32
#4 resolve docker.io/library/node:22-alpine@sha256:c610fcdfb1d5b4740dd70c284ed3cb16bb857e0f7166196e36a5501df7a3aa32 0.0s done
#4 DONE 0.0s

#5 [internal] load build context
#5 transferring context: 3.11kB done
#5 DONE 0.0s

#6 [builder 3/8] COPY package.json package-lock.json ./
#6 CACHED

#7 [builder 5/8] RUN npm ci
#7 CACHED

#8 [stage-1 5/8] COPY --from=builder /app/node_modules ./node_modules
#8 CACHED

#9 [stage-1 3/8] RUN apk add --no-cache tini
#9 CACHED

#10 [builder 8/8] RUN npm run build
#10 CACHED

#11 [builder 2/8] WORKDIR /app
#11 CACHED

#12 [stage-1 4/8] COPY --from=builder /app/dist ./dist
#12 CACHED

#13 [stage-1 6/8] COPY --from=builder /app/package.json ./
#13 CACHED

#14 [builder 4/8] COPY cli/package.json ./cli/package.json
#14 CACHED

#15 [stage-1 7/8] COPY src/db/migrations ./dist/db/migrations
#15 CACHED

#16 [builder 7/8] COPY src ./src
#16 CACHED

#17 [builder 6/8] COPY tsconfig.json tsconfig.build.json ./
#17 CACHED

#18 [stage-1 8/8] RUN chmod +x /app/dist/cli/admin/pgm-admin.js  && ln -s /app/dist/cli/admin/pgm-admin.js /usr/local/bin/pgm-admin
#18 CACHED

#19 exporting to image
#19 exporting layers done
#19 exporting manifest sha256:b877a547ddada6ec35ec77fd3e82d1d9cf8d9a3972a46edf3748cf331724972e done
#19 exporting config sha256:146978ad39196b38d1e4abfe1e056d979c077f752bb0cb044a286ebba36860e9 done
#19 exporting attestation manifest sha256:0e335bb1c069fe19a7e2cd19a72a3636b6c18ae8b3b2bc5881488fa4a62c2ffe 0.0s done
#19 exporting manifest list sha256:f6e8afc3c9f84a659c13f084c3812c7267100f8d6c14c3273583f92197759fed done
#19 naming to docker.io/library/postgram-mcp-server:latest done
#19 unpacking to docker.io/library/postgram-mcp-server:latest done
#19 DONE 0.1s
Restarting containers...
 Container postgram-postgres-1 Running 
 Container postgram-ollama-1 Running 
 Container postgram-mcp-server-1 Recreate 
 Container postgram-mcp-server-1 Recreated 
 Container postgram-postgram-ui-1 Recreate 
 Container postgram-postgram-ui-1 Recreated 
 Container postgram-postgres-1 Waiting 
 Container postgram-postgres-1 Healthy 
 Container postgram-mcp-server-1 Starting 
 Container postgram-mcp-server-1 Started 
 Container postgram-postgram-ui-1 Starting 
 Container postgram-postgram-ui-1 Started 
=== Update complete ===
=== Checking for updates from upstream repository ===
From https://github.com/Haasie/postgram
 * branch            main       -> FETCH_HEAD
New updates found! Pulling changes...
No local changes to save
From https://github.com/Haasie/postgram
 * branch            main       -> FETCH_HEAD
Already up to date.
No stash entries found.
Warning: Stash pop had conflicts. You may need to resolve them manually in the editor.
Rebuilding UI image...
Building postgram-postgram-ui:latest locally...
#0 building with "default" instance using docker driver

#1 [internal] load build definition from Dockerfile
#1 transferring dockerfile: 271B done
#1 DONE 0.0s

#2 [internal] load metadata for docker.io/library/node:22-alpine
#2 DONE 0.9s

#3 [internal] load metadata for docker.io/library/nginx:alpine
#3 DONE 1.5s

#4 [internal] load .dockerignore
#4 transferring context: 85B done
#4 DONE 0.0s

#5 [internal] load build context
#5 transferring context: 3.87kB done
#5 DONE 0.0s

#6 [builder 1/6] FROM docker.io/library/node:22-alpine@sha256:c610fcdfb1d5b4740dd70c284ed3cb16bb857e0f7166196e36a5501df7a3aa32
#6 resolve docker.io/library/node:22-alpine@sha256:c610fcdfb1d5b4740dd70c284ed3cb16bb857e0f7166196e36a5501df7a3aa32 0.0s done
#6 DONE 0.0s

#7 [stage-1 1/3] FROM docker.io/library/nginx:alpine@sha256:4a73073bd557c65b759505da037898b61f1be6cbcc3c2c3aeac22d2a470c1752
#7 resolve docker.io/library/nginx:alpine@sha256:4a73073bd557c65b759505da037898b61f1be6cbcc3c2c3aeac22d2a470c1752 0.0s done
#7 DONE 0.0s

#8 [builder 6/6] RUN npm run build
#8 CACHED

#9 [builder 5/6] COPY . .
#9 CACHED

#10 [builder 2/6] WORKDIR /app
#10 CACHED

#11 [stage-1 2/3] COPY --from=builder /app/dist /usr/share/nginx/html
#11 CACHED

#12 [builder 3/6] COPY package*.json ./
#12 CACHED

#13 [builder 4/6] RUN npm ci
#13 CACHED

#14 [stage-1 3/3] COPY nginx.conf /etc/nginx/conf.d/default.conf
#14 CACHED

#15 exporting to image
#15 exporting layers done
#15 exporting manifest sha256:998ea95256ee7b11b040672a9c0d6adf71d3ef43cd360ac55a2f6ad586b7f207 done
#15 exporting config sha256:6c283c931df887f09b0df431d101f7a9aea66b24cdb7dbcf09f15a7a3419a904 done
#15 exporting attestation manifest sha256:ba815c441eaf3aeb73d0b0592ed3109ca4b4e57b0340d58662696d66ceeaa84c 0.0s done
#15 exporting manifest list sha256:b47531a12431808fa1a154e0fb0fb3f0c6ccc0f4300962a4ca7022a1dd8c18d7 done
#15 naming to docker.io/library/postgram-postgram-ui:latest done
#15 unpacking to docker.io/library/postgram-postgram-ui:latest done
#15 DONE 0.1s
----------------------------------------
Build complete! You can now import
cosmos-compose.json into Cosmos Cloud.
----------------------------------------
Rebuilding MCP Server image...
#0 building with "default" instance using docker driver

#1 [internal] load build definition from Dockerfile
#1 transferring dockerfile: 785B done
#1 DONE 0.0s

#2 [internal] load metadata for docker.io/library/node:22-alpine
#2 DONE 0.7s

#3 [internal] load .dockerignore
#3 transferring context: 2B done
#3 DONE 0.0s

#4 [builder 1/8] FROM docker.io/library/node:22-alpine@sha256:c610fcdfb1d5b4740dd70c284ed3cb16bb857e0f7166196e36a5501df7a3aa32
#4 resolve docker.io/library/node:22-alpine@sha256:c610fcdfb1d5b4740dd70c284ed3cb16bb857e0f7166196e36a5501df7a3aa32 0.0s done
#4 DONE 0.0s

#5 [internal] load build context
#5 transferring context: 3.11kB done
#5 DONE 0.0s

#6 [builder 6/8] COPY tsconfig.json tsconfig.build.json ./
#6 CACHED

#7 [builder 5/8] RUN npm ci
#7 CACHED

#8 [builder 4/8] COPY cli/package.json ./cli/package.json
#8 CACHED

#9 [stage-1 6/8] COPY --from=builder /app/package.json ./
#9 CACHED

#10 [stage-1 3/8] RUN apk add --no-cache tini
#10 CACHED

#11 [builder 8/8] RUN npm run build
#11 CACHED

#12 [stage-1 4/8] COPY --from=builder /app/dist ./dist
#12 CACHED

#13 [stage-1 5/8] COPY --from=builder /app/node_modules ./node_modules
#13 CACHED

#14 [builder 7/8] COPY src ./src
#14 CACHED

#15 [stage-1 7/8] COPY src/db/migrations ./dist/db/migrations
#15 CACHED

#16 [builder 2/8] WORKDIR /app
#16 CACHED

#17 [builder 3/8] COPY package.json package-lock.json ./
#17 CACHED

#18 [stage-1 8/8] RUN chmod +x /app/dist/cli/admin/pgm-admin.js  && ln -s /app/dist/cli/admin/pgm-admin.js /usr/local/bin/pgm-admin
#18 CACHED

#19 exporting to image
#19 exporting layers done
#19 exporting manifest sha256:b877a547ddada6ec35ec77fd3e82d1d9cf8d9a3972a46edf3748cf331724972e done
#19 exporting config sha256:146978ad39196b38d1e4abfe1e056d979c077f752bb0cb044a286ebba36860e9 done
#19 exporting attestation manifest sha256:f626714a856a3dd28a30d4495b03c7d67bc79daba4bbb3498320574244e14b85 0.0s done
#19 exporting manifest list sha256:328fd6bac3b3249f9fa39758cb995a718f577a60386b3227ff102802c95bb332 done
#19 naming to docker.io/library/postgram-mcp-server:latest done
#19 unpacking to docker.io/library/postgram-mcp-server:latest done
#19 DONE 0.1s
Restarting containers...
 Container postgram-postgres-1 Running 
 Container postgram-ollama-1 Running 
 Container postgram-mcp-server-1 Recreate 
 Container postgram-mcp-server-1 Recreated 
 Container postgram-postgram-ui-1 Recreate 
 Container postgram-postgram-ui-1 Recreated 
 Container postgram-postgres-1 Waiting 
 Container postgram-postgres-1 Healthy 
 Container postgram-mcp-server-1 Starting 
 Container postgram-mcp-server-1 Started 
 Container postgram-postgram-ui-1 Starting 
 Container postgram-postgram-ui-1 Started 
=== Update complete ===
=== Checking for updates from upstream repository ===
From https://github.com/Haasie/postgram
 * branch            main       -> FETCH_HEAD
New updates found! Pulling changes...
No local changes to save
From https://github.com/Haasie/postgram
 * branch            main       -> FETCH_HEAD
Already up to date.
No stash entries found.
Warning: Stash pop had conflicts. You may need to resolve them manually in the editor.
Rebuilding UI image...
Building postgram-postgram-ui:latest locally...
#0 building with "default" instance using docker driver

#1 [internal] load build definition from Dockerfile
#1 transferring dockerfile: 271B done
#1 DONE 0.0s

#2 [internal] load metadata for docker.io/library/node:22-alpine
#2 DONE 0.8s

#3 [internal] load metadata for docker.io/library/nginx:alpine
#3 DONE 1.3s

#4 [internal] load .dockerignore
#4 transferring context: 85B done
#4 DONE 0.0s

#5 [internal] load build context
#5 transferring context: 3.87kB done
#5 DONE 0.0s

#6 [builder 1/6] FROM docker.io/library/node:22-alpine@sha256:c610fcdfb1d5b4740dd70c284ed3cb16bb857e0f7166196e36a5501df7a3aa32
#6 resolve docker.io/library/node:22-alpine@sha256:c610fcdfb1d5b4740dd70c284ed3cb16bb857e0f7166196e36a5501df7a3aa32 0.0s done
#6 DONE 0.0s

#7 [stage-1 1/3] FROM docker.io/library/nginx:alpine@sha256:4a73073bd557c65b759505da037898b61f1be6cbcc3c2c3aeac22d2a470c1752
#7 resolve docker.io/library/nginx:alpine@sha256:4a73073bd557c65b759505da037898b61f1be6cbcc3c2c3aeac22d2a470c1752 0.0s done
#7 DONE 0.0s

#8 [builder 6/6] RUN npm run build
#8 CACHED

#9 [builder 2/6] WORKDIR /app
#9 CACHED

#10 [stage-1 2/3] COPY --from=builder /app/dist /usr/share/nginx/html
#10 CACHED

#11 [builder 5/6] COPY . .
#11 CACHED

#12 [builder 3/6] COPY package*.json ./
#12 CACHED

#13 [builder 4/6] RUN npm ci
#13 CACHED

#14 [stage-1 3/3] COPY nginx.conf /etc/nginx/conf.d/default.conf
#14 CACHED

#15 exporting to image
#15 exporting layers done
#15 exporting manifest sha256:998ea95256ee7b11b040672a9c0d6adf71d3ef43cd360ac55a2f6ad586b7f207 done
#15 exporting config sha256:6c283c931df887f09b0df431d101f7a9aea66b24cdb7dbcf09f15a7a3419a904 done
#15 exporting attestation manifest sha256:311b5606e2fc8c0a7fe89f6c50d6a5e869f88f1d61c27037a1e6059b1f6cf231 0.0s done
#15 exporting manifest list sha256:4763878a733ccb3f0319aa09c28dabdcfd7e214b4f7a8702121867c8f0ddaaa7 done
#15 naming to docker.io/library/postgram-postgram-ui:latest done
#15 unpacking to docker.io/library/postgram-postgram-ui:latest done
#15 DONE 0.1s
----------------------------------------
Build complete! You can now import
cosmos-compose.json into Cosmos Cloud.
----------------------------------------
Rebuilding MCP Server image...
#0 building with "default" instance using docker driver

#1 [internal] load build definition from Dockerfile
#1 transferring dockerfile: 785B done
#1 DONE 0.0s

#2 [internal] load metadata for docker.io/library/node:22-alpine
#2 DONE 0.4s

#3 [internal] load .dockerignore
#3 transferring context: 2B done
#3 DONE 0.0s

#4 [builder 1/8] FROM docker.io/library/node:22-alpine@sha256:c610fcdfb1d5b4740dd70c284ed3cb16bb857e0f7166196e36a5501df7a3aa32
#4 resolve docker.io/library/node:22-alpine@sha256:c610fcdfb1d5b4740dd70c284ed3cb16bb857e0f7166196e36a5501df7a3aa32 0.0s done
#4 DONE 0.0s

#5 [internal] load build context
#5 transferring context: 3.11kB done
#5 DONE 0.0s

#6 [builder 4/8] COPY cli/package.json ./cli/package.json
#6 CACHED

#7 [builder 5/8] RUN npm ci
#7 CACHED

#8 [builder 8/8] RUN npm run build
#8 CACHED

#9 [stage-1 4/8] COPY --from=builder /app/dist ./dist
#9 CACHED

#10 [stage-1 6/8] COPY --from=builder /app/package.json ./
#10 CACHED

#11 [builder 3/8] COPY package.json package-lock.json ./
#11 CACHED

#12 [builder 2/8] WORKDIR /app
#12 CACHED

#13 [stage-1 3/8] RUN apk add --no-cache tini
#13 CACHED

#14 [builder 6/8] COPY tsconfig.json tsconfig.build.json ./
#14 CACHED

#15 [stage-1 5/8] COPY --from=builder /app/node_modules ./node_modules
#15 CACHED

#16 [builder 7/8] COPY src ./src
#16 CACHED

#17 [stage-1 7/8] COPY src/db/migrations ./dist/db/migrations
#17 CACHED

#18 [stage-1 8/8] RUN chmod +x /app/dist/cli/admin/pgm-admin.js  && ln -s /app/dist/cli/admin/pgm-admin.js /usr/local/bin/pgm-admin
#18 CACHED

#19 exporting to image
#19 exporting layers done
#19 exporting manifest sha256:b877a547ddada6ec35ec77fd3e82d1d9cf8d9a3972a46edf3748cf331724972e done
#19 exporting config sha256:146978ad39196b38d1e4abfe1e056d979c077f752bb0cb044a286ebba36860e9 done
#19 exporting attestation manifest sha256:1fde0fb190905852a1c43d35fd5ed35048af4efbbfa431e8687b6bd1710ee504 0.0s done
#19 exporting manifest list sha256:f9149be2a0662f6edac47817569cf53ab3b49f9fb653b7f01afdcc72511e26cc done
#19 naming to docker.io/library/postgram-mcp-server:latest done
#19 unpacking to docker.io/library/postgram-mcp-server:latest done
#19 DONE 0.1s
Restarting containers...
 Container postgram-postgres-1 Running 
 Container postgram-ollama-1 Running 
 Container postgram-mcp-server-1 Recreate 
 Container postgram-mcp-server-1 Recreated 
 Container postgram-postgram-ui-1 Recreate 
 Container postgram-postgram-ui-1 Recreated 
 Container postgram-postgres-1 Waiting 
 Container postgram-postgres-1 Healthy 
 Container postgram-mcp-server-1 Starting 
 Container postgram-mcp-server-1 Started 
 Container postgram-postgram-ui-1 Starting 
 Container postgram-postgram-ui-1 Started 
=== Update complete ===
=== Checking for updates from upstream repository ===
From https://github.com/Haasie/postgram
 * branch            main       -> FETCH_HEAD
New updates found! Pulling changes...
No local changes to save
From https://github.com/Haasie/postgram
 * branch            main       -> FETCH_HEAD
Already up to date.
No stash entries found.
Warning: Stash pop had conflicts. You may need to resolve them manually in the editor.
Rebuilding UI image...
Building postgram-postgram-ui:latest locally...
#0 building with "default" instance using docker driver

#1 [internal] load build definition from Dockerfile
#1 transferring dockerfile: 271B done
#1 DONE 0.0s

#2 [internal] load metadata for docker.io/library/nginx:alpine
#2 ...

#3 [internal] load metadata for docker.io/library/node:22-alpine
#3 DONE 1.0s

#2 [internal] load metadata for docker.io/library/nginx:alpine
#2 DONE 1.2s

#4 [internal] load .dockerignore
#4 transferring context: 85B done
#4 DONE 0.0s

#5 [internal] load build context
#5 transferring context: 3.87kB done
#5 DONE 0.0s

#6 [stage-1 1/3] FROM docker.io/library/nginx:alpine@sha256:4a73073bd557c65b759505da037898b61f1be6cbcc3c2c3aeac22d2a470c1752
#6 resolve docker.io/library/nginx:alpine@sha256:4a73073bd557c65b759505da037898b61f1be6cbcc3c2c3aeac22d2a470c1752 0.0s done
#6 DONE 0.0s

#7 [builder 1/6] FROM docker.io/library/node:22-alpine@sha256:c610fcdfb1d5b4740dd70c284ed3cb16bb857e0f7166196e36a5501df7a3aa32
#7 resolve docker.io/library/node:22-alpine@sha256:c610fcdfb1d5b4740dd70c284ed3cb16bb857e0f7166196e36a5501df7a3aa32 0.0s done
#7 DONE 0.0s

#8 [builder 2/6] WORKDIR /app
#8 CACHED

#9 [builder 4/6] RUN npm ci
#9 CACHED

#10 [stage-1 2/3] COPY --from=builder /app/dist /usr/share/nginx/html
#10 CACHED

#11 [builder 6/6] RUN npm run build
#11 CACHED

#12 [builder 3/6] COPY package*.json ./
#12 CACHED

#13 [builder 5/6] COPY . .
#13 CACHED

#14 [stage-1 3/3] COPY nginx.conf /etc/nginx/conf.d/default.conf
#14 CACHED

#15 exporting to image
#15 exporting layers done
#15 exporting manifest sha256:998ea95256ee7b11b040672a9c0d6adf71d3ef43cd360ac55a2f6ad586b7f207 done
#15 exporting config sha256:6c283c931df887f09b0df431d101f7a9aea66b24cdb7dbcf09f15a7a3419a904 done
#15 exporting attestation manifest sha256:e75d104f65a9c8d9daf1ba803a0e6eca0dfded212e9a24225f70cc3aa984d99c 0.0s done
#15 exporting manifest list sha256:bb71fff62f77166828f3f183e42a114399f740e5468fde2a96e5158ee18754f6 done
#15 naming to docker.io/library/postgram-postgram-ui:latest done
#15 unpacking to docker.io/library/postgram-postgram-ui:latest done
#15 DONE 0.1s
----------------------------------------
Build complete! You can now import
cosmos-compose.json into Cosmos Cloud.
----------------------------------------
Rebuilding MCP Server image...
#0 building with "default" instance using docker driver

#1 [internal] load build definition from Dockerfile
#1 transferring dockerfile: 785B done
#1 DONE 0.0s

#2 [internal] load metadata for docker.io/library/node:22-alpine
#2 DONE 0.2s

#3 [internal] load .dockerignore
#3 transferring context: 2B done
#3 DONE 0.0s

#4 [builder 1/8] FROM docker.io/library/node:22-alpine@sha256:c610fcdfb1d5b4740dd70c284ed3cb16bb857e0f7166196e36a5501df7a3aa32
#4 resolve docker.io/library/node:22-alpine@sha256:c610fcdfb1d5b4740dd70c284ed3cb16bb857e0f7166196e36a5501df7a3aa32 0.0s done
#4 DONE 0.0s

#5 [internal] load build context
#5 transferring context: 3.11kB done
#5 DONE 0.0s

#6 [stage-1 7/8] COPY src/db/migrations ./dist/db/migrations
#6 CACHED

#7 [builder 4/8] COPY cli/package.json ./cli/package.json
#7 CACHED

#8 [stage-1 4/8] COPY --from=builder /app/dist ./dist
#8 CACHED

#9 [stage-1 5/8] COPY --from=builder /app/node_modules ./node_modules
#9 CACHED

#10 [builder 7/8] COPY src ./src
#10 CACHED

#11 [builder 2/8] WORKDIR /app
#11 CACHED

#12 [builder 5/8] RUN npm ci
#12 CACHED

#13 [stage-1 3/8] RUN apk add --no-cache tini
#13 CACHED

#14 [builder 6/8] COPY tsconfig.json tsconfig.build.json ./
#14 CACHED

#15 [stage-1 6/8] COPY --from=builder /app/package.json ./
#15 CACHED

#16 [builder 8/8] RUN npm run build
#16 CACHED

#17 [builder 3/8] COPY package.json package-lock.json ./
#17 CACHED

#18 [stage-1 8/8] RUN chmod +x /app/dist/cli/admin/pgm-admin.js  && ln -s /app/dist/cli/admin/pgm-admin.js /usr/local/bin/pgm-admin
#18 CACHED

#19 exporting to image
#19 exporting layers done
#19 exporting manifest sha256:b877a547ddada6ec35ec77fd3e82d1d9cf8d9a3972a46edf3748cf331724972e done
#19 exporting config sha256:146978ad39196b38d1e4abfe1e056d979c077f752bb0cb044a286ebba36860e9 done
#19 exporting attestation manifest sha256:676df82494f7607b82ea5a772cf1e4b91f145b1d8af480cc26d9b26da3832480 0.0s done
#19 exporting manifest list sha256:af662b8aea02abc2481322949870343d6dbf61d38950bf63eab6ba7051c2b330 done
#19 naming to docker.io/library/postgram-mcp-server:latest done
#19 unpacking to docker.io/library/postgram-mcp-server:latest done
#19 DONE 0.1s
Restarting containers...
 Container postgram-ollama-1 Running 
 Container postgram-postgres-1 Running 
 Container postgram-mcp-server-1 Recreate 
 Container postgram-mcp-server-1 Recreated 
 Container postgram-postgram-ui-1 Recreate 
 Container postgram-postgram-ui-1 Recreated 
 Container postgram-postgres-1 Waiting 
 Container postgram-postgres-1 Healthy 
 Container postgram-mcp-server-1 Starting 
 Container postgram-mcp-server-1 Started 
 Container postgram-postgram-ui-1 Starting 
 Container postgram-postgram-ui-1 Started 
=== Update complete ===
=== Checking for updates from upstream repository ===
From https://github.com/Haasie/postgram
 * branch            main       -> FETCH_HEAD
New updates found! Pulling changes...
No local changes to save
From https://github.com/Haasie/postgram
 * branch            main       -> FETCH_HEAD
Already up to date.
No stash entries found.
Warning: Stash pop had conflicts. You may need to resolve them manually in the editor.
Rebuilding UI image...
Building postgram-postgram-ui:latest locally...
#0 building with "default" instance using docker driver

#1 [internal] load build definition from Dockerfile
#1 transferring dockerfile: 271B done
#1 DONE 0.0s

#2 [internal] load metadata for docker.io/library/nginx:alpine
#2 ...

#3 [internal] load metadata for docker.io/library/node:22-alpine
#3 DONE 1.3s

#2 [internal] load metadata for docker.io/library/nginx:alpine
#2 DONE 2.0s

#4 [internal] load .dockerignore
#4 transferring context: 85B done
#4 DONE 0.0s

#5 [internal] load build context
#5 transferring context: 3.87kB done
#5 DONE 0.0s

#6 [stage-1 1/3] FROM docker.io/library/nginx:alpine@sha256:4a73073bd557c65b759505da037898b61f1be6cbcc3c2c3aeac22d2a470c1752
#6 resolve docker.io/library/nginx:alpine@sha256:4a73073bd557c65b759505da037898b61f1be6cbcc3c2c3aeac22d2a470c1752 0.0s done
#6 DONE 0.0s

#7 [builder 1/6] FROM docker.io/library/node:22-alpine@sha256:c610fcdfb1d5b4740dd70c284ed3cb16bb857e0f7166196e36a5501df7a3aa32
#7 resolve docker.io/library/node:22-alpine@sha256:c610fcdfb1d5b4740dd70c284ed3cb16bb857e0f7166196e36a5501df7a3aa32 0.0s done
#7 DONE 0.0s

#8 [builder 6/6] RUN npm run build
#8 CACHED

#9 [stage-1 2/3] COPY --from=builder /app/dist /usr/share/nginx/html
#9 CACHED

#10 [builder 5/6] COPY . .
#10 CACHED

#11 [builder 3/6] COPY package*.json ./
#11 CACHED

#12 [builder 2/6] WORKDIR /app
#12 CACHED

#13 [builder 4/6] RUN npm ci
#13 CACHED

#14 [stage-1 3/3] COPY nginx.conf /etc/nginx/conf.d/default.conf
#14 CACHED

#15 exporting to image
#15 exporting layers done
#15 exporting manifest sha256:998ea95256ee7b11b040672a9c0d6adf71d3ef43cd360ac55a2f6ad586b7f207 done
#15 exporting config sha256:6c283c931df887f09b0df431d101f7a9aea66b24cdb7dbcf09f15a7a3419a904 done
#15 exporting attestation manifest sha256:7bafcac7ec0e5dbd3b58f14d763ce3cbbd98a3e8787cbb2370f89b15f8276855 0.0s done
#15 exporting manifest list sha256:9b05f4333f9d5c42c2b40c58fb4cdf723186c65cb11843f86d9c8e7c59adb912 done
#15 naming to docker.io/library/postgram-postgram-ui:latest done
#15 unpacking to docker.io/library/postgram-postgram-ui:latest done
#15 DONE 0.1s
----------------------------------------
Build complete! You can now import
cosmos-compose.json into Cosmos Cloud.
----------------------------------------
Rebuilding MCP Server image...
#0 building with "default" instance using docker driver

#1 [internal] load build definition from Dockerfile
#1 transferring dockerfile: 785B done
#1 DONE 0.0s

#2 [internal] load metadata for docker.io/library/node:22-alpine
#2 DONE 0.4s

#3 [internal] load .dockerignore
#3 transferring context: 2B done
#3 DONE 0.0s

#4 [builder 1/8] FROM docker.io/library/node:22-alpine@sha256:c610fcdfb1d5b4740dd70c284ed3cb16bb857e0f7166196e36a5501df7a3aa32
#4 resolve docker.io/library/node:22-alpine@sha256:c610fcdfb1d5b4740dd70c284ed3cb16bb857e0f7166196e36a5501df7a3aa32 0.0s done
#4 DONE 0.0s

#5 [internal] load build context
#5 transferring context: 3.11kB done
#5 DONE 0.0s

#6 [builder 6/8] COPY tsconfig.json tsconfig.build.json ./
#6 CACHED

#7 [builder 3/8] COPY package.json package-lock.json ./
#7 CACHED

#8 [builder 8/8] RUN npm run build
#8 CACHED

#9 [stage-1 7/8] COPY src/db/migrations ./dist/db/migrations
#9 CACHED

#10 [builder 2/8] WORKDIR /app
#10 CACHED

#11 [builder 5/8] RUN npm ci
#11 CACHED

#12 [stage-1 5/8] COPY --from=builder /app/node_modules ./node_modules
#12 CACHED

#13 [stage-1 4/8] COPY --from=builder /app/dist ./dist
#13 CACHED

#14 [stage-1 6/8] COPY --from=builder /app/package.json ./
#14 CACHED

#15 [builder 7/8] COPY src ./src
#15 CACHED

#16 [builder 4/8] COPY cli/package.json ./cli/package.json
#16 CACHED

#17 [stage-1 3/8] RUN apk add --no-cache tini
#17 CACHED

#18 [stage-1 8/8] RUN chmod +x /app/dist/cli/admin/pgm-admin.js  && ln -s /app/dist/cli/admin/pgm-admin.js /usr/local/bin/pgm-admin
#18 CACHED

#19 exporting to image
#19 exporting layers done
#19 exporting manifest sha256:b877a547ddada6ec35ec77fd3e82d1d9cf8d9a3972a46edf3748cf331724972e done
#19 exporting config sha256:146978ad39196b38d1e4abfe1e056d979c077f752bb0cb044a286ebba36860e9 done
#19 exporting attestation manifest sha256:9fcc2bb8e69593b5d2bb969752707c321c9a2ced673eebe0185d90dc6b2de3d4 0.0s done
#19 exporting manifest list sha256:73e99c5a3342d92115cd8b175af17a3c3c58b3f72adf18d513e0756cfca78642 done
#19 naming to docker.io/library/postgram-mcp-server:latest done
#19 unpacking to docker.io/library/postgram-mcp-server:latest done
#19 DONE 0.1s
Restarting containers...
 Container postgram-postgres-1 Running 
 Container postgram-ollama-1 Running 
 Container postgram-mcp-server-1 Recreate 
 Container postgram-mcp-server-1 Recreated 
 Container postgram-postgram-ui-1 Recreate 
 Container postgram-postgram-ui-1 Recreated 
 Container postgram-postgres-1 Waiting 
 Container postgram-postgres-1 Healthy 
 Container postgram-mcp-server-1 Starting 
 Container postgram-mcp-server-1 Started 
 Container postgram-postgram-ui-1 Starting 
 Container postgram-postgram-ui-1 Started 
=== Update complete ===
=== Checking for updates from upstream repository ===
From https://github.com/Haasie/postgram
 * branch            main       -> FETCH_HEAD
New updates found! Pulling changes...
No local changes to save
From https://github.com/Haasie/postgram
 * branch            main       -> FETCH_HEAD
Already up to date.
No stash entries found.
Warning: Stash pop had conflicts. You may need to resolve them manually in the editor.
Rebuilding UI image...
Building postgram-postgram-ui:latest locally...
#0 building with "default" instance using docker driver

#1 [internal] load build definition from Dockerfile
#1 transferring dockerfile: 271B done
#1 DONE 0.0s

#2 [internal] load metadata for docker.io/library/nginx:alpine
#2 ...

#3 [internal] load metadata for docker.io/library/node:22-alpine
#3 DONE 0.8s

#2 [internal] load metadata for docker.io/library/nginx:alpine
#2 DONE 1.7s

#4 [internal] load .dockerignore
#4 transferring context: 85B done
#4 DONE 0.0s

#5 [internal] load build context
#5 transferring context: 3.87kB done
#5 DONE 0.0s

#6 [builder 1/6] FROM docker.io/library/node:22-alpine@sha256:c610fcdfb1d5b4740dd70c284ed3cb16bb857e0f7166196e36a5501df7a3aa32
#6 resolve docker.io/library/node:22-alpine@sha256:c610fcdfb1d5b4740dd70c284ed3cb16bb857e0f7166196e36a5501df7a3aa32 0.0s done
#6 DONE 0.0s

#7 [stage-1 1/3] FROM docker.io/library/nginx:alpine@sha256:4a73073bd557c65b759505da037898b61f1be6cbcc3c2c3aeac22d2a470c1752
#7 resolve docker.io/library/nginx:alpine@sha256:4a73073bd557c65b759505da037898b61f1be6cbcc3c2c3aeac22d2a470c1752 0.0s done
#7 DONE 0.0s

#8 [builder 3/6] COPY package*.json ./
#8 CACHED

#9 [stage-1 2/3] COPY --from=builder /app/dist /usr/share/nginx/html
#9 CACHED

#10 [builder 6/6] RUN npm run build
#10 CACHED

#11 [builder 5/6] COPY . .
#11 CACHED

#12 [builder 4/6] RUN npm ci
#12 CACHED

#13 [builder 2/6] WORKDIR /app
#13 CACHED

#14 [stage-1 3/3] COPY nginx.conf /etc/nginx/conf.d/default.conf
#14 CACHED

#15 exporting to image
#15 exporting layers done
#15 exporting manifest sha256:998ea95256ee7b11b040672a9c0d6adf71d3ef43cd360ac55a2f6ad586b7f207 done
#15 exporting config sha256:6c283c931df887f09b0df431d101f7a9aea66b24cdb7dbcf09f15a7a3419a904 done
#15 exporting attestation manifest sha256:20d8d3b82757077fd83c8c4d809d28c1fa0352361ffa1cb3e2ebcf86646702dd 0.0s done
#15 exporting manifest list sha256:b8f5de70792c3b586b99c08b5f7dea7df48d89c466ae5c41a69b716b2aaecea2 done
#15 naming to docker.io/library/postgram-postgram-ui:latest done
#15 unpacking to docker.io/library/postgram-postgram-ui:latest done
#15 DONE 0.1s
----------------------------------------
Build complete! You can now import
cosmos-compose.json into Cosmos Cloud.
----------------------------------------
Rebuilding MCP Server image...
#0 building with "default" instance using docker driver

#1 [internal] load build definition from Dockerfile
#1 transferring dockerfile: 785B done
#1 DONE 0.0s

#2 [internal] load metadata for docker.io/library/node:22-alpine
#2 DONE 0.2s

#3 [internal] load .dockerignore
#3 transferring context: 2B done
#3 DONE 0.0s

#4 [builder 1/8] FROM docker.io/library/node:22-alpine@sha256:c610fcdfb1d5b4740dd70c284ed3cb16bb857e0f7166196e36a5501df7a3aa32
#4 resolve docker.io/library/node:22-alpine@sha256:c610fcdfb1d5b4740dd70c284ed3cb16bb857e0f7166196e36a5501df7a3aa32 0.0s done
#4 DONE 0.0s

#5 [internal] load build context
#5 transferring context: 3.11kB done
#5 DONE 0.0s

#6 [stage-1 6/8] COPY --from=builder /app/package.json ./
#6 CACHED

#7 [builder 3/8] COPY package.json package-lock.json ./
#7 CACHED

#8 [stage-1 5/8] COPY --from=builder /app/node_modules ./node_modules
#8 CACHED

#9 [stage-1 7/8] COPY src/db/migrations ./dist/db/migrations
#9 CACHED

#10 [builder 6/8] COPY tsconfig.json tsconfig.build.json ./
#10 CACHED

#11 [stage-1 4/8] COPY --from=builder /app/dist ./dist
#11 CACHED

#12 [builder 8/8] RUN npm run build
#12 CACHED

#13 [builder 5/8] RUN npm ci
#13 CACHED

#14 [stage-1 3/8] RUN apk add --no-cache tini
#14 CACHED

#15 [builder 4/8] COPY cli/package.json ./cli/package.json
#15 CACHED

#16 [builder 2/8] WORKDIR /app
#16 CACHED

#17 [builder 7/8] COPY src ./src
#17 CACHED

#18 [stage-1 8/8] RUN chmod +x /app/dist/cli/admin/pgm-admin.js  && ln -s /app/dist/cli/admin/pgm-admin.js /usr/local/bin/pgm-admin
#18 CACHED

#19 exporting to image
#19 exporting layers done
#19 exporting manifest sha256:b877a547ddada6ec35ec77fd3e82d1d9cf8d9a3972a46edf3748cf331724972e done
#19 exporting config sha256:146978ad39196b38d1e4abfe1e056d979c077f752bb0cb044a286ebba36860e9 done
#19 exporting attestation manifest sha256:5c27cb46064116d63b22feef9dbdda5a8a5c912fd55262b8c96c06542187badb 0.0s done
#19 exporting manifest list sha256:23eb500478dbd82cef02414e1daaa002ea43eac6d8bcc1bf587a76a4d31953c5 done
#19 naming to docker.io/library/postgram-mcp-server:latest done
#19 unpacking to docker.io/library/postgram-mcp-server:latest done
#19 DONE 0.1s
Restarting containers...
 Container postgram-ollama-1 Running 
 Container postgram-postgres-1 Running 
 Container postgram-mcp-server-1 Recreate 
 Container postgram-mcp-server-1 Recreated 
 Container postgram-postgram-ui-1 Recreate 
 Container postgram-postgram-ui-1 Recreated 
 Container postgram-postgres-1 Waiting 
 Container postgram-postgres-1 Healthy 
 Container postgram-mcp-server-1 Starting 
 Container postgram-mcp-server-1 Started 
 Container postgram-postgram-ui-1 Starting 
 Container postgram-postgram-ui-1 Started 
=== Update complete ===
=== Checking for updates from upstream repository ===
From https://github.com/Haasie/postgram
 * branch            main       -> FETCH_HEAD
New updates found! Pulling changes...
No local changes to save
From https://github.com/Haasie/postgram
 * branch            main       -> FETCH_HEAD
Already up to date.
No stash entries found.
Warning: Stash pop had conflicts. You may need to resolve them manually in the editor.
Rebuilding UI image...
Building postgram-postgram-ui:latest locally...
#0 building with "default" instance using docker driver

#1 [internal] load build definition from Dockerfile
#1 transferring dockerfile: 459B done
#1 DONE 0.0s

#2 [internal] load metadata for docker.io/library/node:22-alpine
#2 DONE 0.0s

#3 [internal] load metadata for docker.io/library/nginx:alpine
#3 DONE 1.6s

#4 [internal] load .dockerignore
#4 transferring context: 85B done
#4 DONE 0.0s

#5 [internal] load build context
#5 transferring context: 4.83kB done
#5 DONE 0.0s

#6 [stage-1 1/4] FROM docker.io/library/nginx:alpine@sha256:4a73073bd557c65b759505da037898b61f1be6cbcc3c2c3aeac22d2a470c1752
#6 resolve docker.io/library/nginx:alpine@sha256:4a73073bd557c65b759505da037898b61f1be6cbcc3c2c3aeac22d2a470c1752 0.0s done
#6 DONE 0.0s

#7 [builder 1/6] FROM docker.io/library/node:22-alpine@sha256:c610fcdfb1d5b4740dd70c284ed3cb16bb857e0f7166196e36a5501df7a3aa32
#7 resolve docker.io/library/node:22-alpine@sha256:c610fcdfb1d5b4740dd70c284ed3cb16bb857e0f7166196e36a5501df7a3aa32 0.0s done
#7 DONE 0.0s

#8 [builder 2/6] WORKDIR /app
#8 CACHED

#9 [stage-1 3/4] COPY LICENSE /usr/share/licenses/postgram-ui/LICENSE
#9 CACHED

#10 [builder 4/6] RUN npm ci
#10 CACHED

#11 [stage-1 2/4] COPY --from=builder /app/dist /usr/share/nginx/html
#11 CACHED

#12 [builder 3/6] COPY package*.json ./
#12 CACHED

#13 [builder 5/6] COPY . .
#13 CACHED

#14 [builder 6/6] RUN npm run build
#14 CACHED

#15 [stage-1 4/4] COPY nginx.conf /etc/nginx/conf.d/default.conf
#15 CACHED

#16 exporting to image
#16 exporting layers done
#16 exporting manifest sha256:924717d804613960464e15eb7fa20865fef5f8339564c732f9e843be32d7652f done
#16 exporting config sha256:88b9cf914b6af42ef793a27c88da91700cfa3e0e5dc76e2dd61e90744941fba2 done
#16 exporting attestation manifest sha256:f641acd7f110816dfc886a0741ecb8962d99edd10e816bfa21cb5ad3ce7a8110 done
#16 exporting manifest list sha256:1dd1e6929a1234b6a699e35640cdc40a5acc701bea2f1898b4ecb570184fe1b4 done
#16 naming to docker.io/library/postgram-postgram-ui:latest done
#16 unpacking to docker.io/library/postgram-postgram-ui:latest done
#16 DONE 0.0s
----------------------------------------
Build complete! You can now import
cosmos-compose.json into Cosmos Cloud.
----------------------------------------
Rebuilding MCP Server image...
#0 building with "default" instance using docker driver

#1 [internal] load build definition from Dockerfile
#1 transferring dockerfile: 1.16kB done
#1 DONE 0.0s

#2 [internal] load metadata for docker.io/library/node:22-alpine
#2 DONE 0.0s

#3 [internal] load .dockerignore
#3 transferring context: 2B done
#3 DONE 0.0s

#4 [builder 1/8] FROM docker.io/library/node:22-alpine@sha256:c610fcdfb1d5b4740dd70c284ed3cb16bb857e0f7166196e36a5501df7a3aa32
#4 resolve docker.io/library/node:22-alpine@sha256:c610fcdfb1d5b4740dd70c284ed3cb16bb857e0f7166196e36a5501df7a3aa32 0.0s done
#4 DONE 0.0s

#5 [internal] load build context
#5 transferring context: 4.67kB done
#5 DONE 0.0s

#6 [stage-1  3/10] RUN apk add --no-cache postgresql17-client tini
#6 CACHED

#7 [stage-1  8/10] COPY src/db/migrations ./dist/db/migrations
#7 CACHED

#8 [builder 5/8] RUN npm ci
#8 CACHED

#9 [stage-1  4/10] COPY --from=builder /app/dist ./dist
#9 CACHED

#10 [builder 7/8] COPY src ./src
#10 CACHED

#11 [stage-1  5/10] COPY --from=builder /app/node_modules ./node_modules
#11 CACHED

#12 [stage-1  7/10] COPY LICENSE ./LICENSE
#12 CACHED

#13 [builder 3/8] COPY package.json package-lock.json ./
#13 CACHED

#14 [builder 4/8] COPY cli/package.json ./cli/package.json
#14 CACHED

#15 [builder 6/8] COPY tsconfig.json tsconfig.build.json ./
#15 CACHED

#16 [stage-1  9/10] COPY docker/postgram-entrypoint.sh ./docker-entrypoint.sh
#16 CACHED

#17 [builder 8/8] RUN npm run build
#17 CACHED

#18 [stage-1  6/10] COPY --from=builder /app/package.json ./
#18 CACHED

#19 [builder 2/8] WORKDIR /app
#19 CACHED

#20 [stage-1 10/10] RUN chmod +x /app/dist/cli/admin/pgm-admin.js  && ln -s /app/dist/cli/admin/pgm-admin.js /usr/local/bin/pgm-admin  && chmod +x /app/docker-entrypoint.sh
#20 CACHED

#21 exporting to image
#21 exporting layers done
#21 exporting manifest sha256:a54ffe11d59ad3144e963b6d91561b2a66ccb2b47a3e21abf1d24044fc6950af done
#21 exporting config sha256:0e1f76606d61bfb10febb47c442d0526fa6ffe51c7f077ada5cc1a01df256ff5 done
#21 exporting attestation manifest sha256:4bf9e3f1b55b0074d12449dc1c8223db609b1358392f30634e7a2149a9d48c8b done
#21 exporting manifest list sha256:1713acb2a895f8fb1cbbc413941b351edbfc3e81bd69ae4563d9a235b27abfd3 done
#21 naming to docker.io/library/postgram-mcp-server:latest done
#21 unpacking to docker.io/library/postgram-mcp-server:latest done
#21 DONE 0.1s
Restarting containers...
 Container postgram-postgres-1 Running 
 Container postgram-ollama-1 Running 
 Container postgram-mcp-server-1 Running 
 Container postgram-postgram-ui-1 Running 
 Container postgram-postgram-secrets-1 Starting 
 Container postgram-postgram-secrets-1 Started 
 Container postgram-postgram-secrets-1 Waiting 
 Container postgram-postgram-secrets-1 Exited 
 Container postgram-postgres-1 Waiting 
 Container postgram-postgram-secrets-1 Waiting 
 Container postgram-postgram-secrets-1 Exited 
 Container postgram-postgres-1 Healthy 
 Container postgram-mcp-server-1 Waiting 
 Container postgram-mcp-server-1 Healthy 
=== Update complete ===
=== Checking for updates from upstream repository ===
From https://github.com/Haasie/postgram
 * branch            main       -> FETCH_HEAD
New updates found! Pulling changes...
No local changes to save
From https://github.com/Haasie/postgram
 * branch            main       -> FETCH_HEAD
Already up to date.
No stash entries found.
Warning: Stash pop had conflicts. You may need to resolve them manually in the editor.
Rebuilding UI image...
Building postgram-postgram-ui:latest locally...
#0 building with "default" instance using docker driver

#1 [internal] load build definition from Dockerfile
#1 transferring dockerfile: 459B done
#1 DONE 0.0s

#2 [internal] load metadata for docker.io/library/node:22-alpine
#2 DONE 0.0s

#3 [internal] load metadata for docker.io/library/nginx:alpine
#3 DONE 2.2s

#4 [internal] load .dockerignore
#4 transferring context: 85B done
#4 DONE 0.0s

#5 [internal] load build context
#5 transferring context: 4.83kB done
#5 DONE 0.0s

#6 [builder 1/6] FROM docker.io/library/node:22-alpine@sha256:c610fcdfb1d5b4740dd70c284ed3cb16bb857e0f7166196e36a5501df7a3aa32
#6 resolve docker.io/library/node:22-alpine@sha256:c610fcdfb1d5b4740dd70c284ed3cb16bb857e0f7166196e36a5501df7a3aa32 0.0s done
#6 DONE 0.0s

#7 [stage-1 1/4] FROM docker.io/library/nginx:alpine@sha256:4a73073bd557c65b759505da037898b61f1be6cbcc3c2c3aeac22d2a470c1752
#7 resolve docker.io/library/nginx:alpine@sha256:4a73073bd557c65b759505da037898b61f1be6cbcc3c2c3aeac22d2a470c1752 0.0s done
#7 DONE 0.0s

#8 [builder 2/6] WORKDIR /app
#8 CACHED

#9 [stage-1 3/4] COPY LICENSE /usr/share/licenses/postgram-ui/LICENSE
#9 CACHED

#10 [builder 6/6] RUN npm run build
#10 CACHED

#11 [builder 4/6] RUN npm ci
#11 CACHED

#12 [stage-1 2/4] COPY --from=builder /app/dist /usr/share/nginx/html
#12 CACHED

#13 [builder 5/6] COPY . .
#13 CACHED

#14 [builder 3/6] COPY package*.json ./
#14 CACHED

#15 [stage-1 4/4] COPY nginx.conf /etc/nginx/conf.d/default.conf
#15 CACHED

#16 exporting to image
#16 exporting layers done
#16 exporting manifest sha256:924717d804613960464e15eb7fa20865fef5f8339564c732f9e843be32d7652f done
#16 exporting config sha256:88b9cf914b6af42ef793a27c88da91700cfa3e0e5dc76e2dd61e90744941fba2 done
#16 exporting attestation manifest sha256:6f00c286deba988bb2e16a98dc5f6547f4dc0b3e523657f654b8b0fe87730e2f 0.0s done
#16 exporting manifest list sha256:14addfd94b8c41c37f4c89fdc74b5e381c0542d780e9ebb310f9723ba777f3d7 done
#16 naming to docker.io/library/postgram-postgram-ui:latest done
#16 unpacking to docker.io/library/postgram-postgram-ui:latest done
#16 DONE 0.1s
----------------------------------------
Build complete! You can now import
cosmos-compose.json into Cosmos Cloud.
----------------------------------------
Rebuilding MCP Server image...
#0 building with "default" instance using docker driver

#1 [internal] load build definition from Dockerfile
#1 transferring dockerfile: 1.16kB done
#1 DONE 0.0s

#2 [internal] load metadata for docker.io/library/node:22-alpine
#2 DONE 0.0s

#3 [internal] load .dockerignore
#3 transferring context: 2B done
#3 DONE 0.0s

#4 [builder 1/8] FROM docker.io/library/node:22-alpine@sha256:c610fcdfb1d5b4740dd70c284ed3cb16bb857e0f7166196e36a5501df7a3aa32
#4 resolve docker.io/library/node:22-alpine@sha256:c610fcdfb1d5b4740dd70c284ed3cb16bb857e0f7166196e36a5501df7a3aa32 0.0s done
#4 DONE 0.0s

#5 [internal] load build context
#5 transferring context: 4.67kB done
#5 DONE 0.0s

#6 [stage-1  6/10] COPY --from=builder /app/package.json ./
#6 CACHED

#7 [builder 5/8] RUN npm ci
#7 CACHED

#8 [builder 6/8] COPY tsconfig.json tsconfig.build.json ./
#8 CACHED

#9 [stage-1  3/10] RUN apk add --no-cache postgresql17-client tini
#9 CACHED

#10 [builder 7/8] COPY src ./src
#10 CACHED

#11 [stage-1  7/10] COPY LICENSE ./LICENSE
#11 CACHED

#12 [stage-1  5/10] COPY --from=builder /app/node_modules ./node_modules
#12 CACHED

#13 [builder 8/8] RUN npm run build
#13 CACHED

#14 [builder 3/8] COPY package.json package-lock.json ./
#14 CACHED

#15 [builder 2/8] WORKDIR /app
#15 CACHED

#16 [builder 4/8] COPY cli/package.json ./cli/package.json
#16 CACHED

#17 [stage-1  4/10] COPY --from=builder /app/dist ./dist
#17 CACHED

#18 [stage-1  8/10] COPY src/db/migrations ./dist/db/migrations
#18 CACHED

#19 [stage-1  9/10] COPY docker/postgram-entrypoint.sh ./docker-entrypoint.sh
#19 CACHED

#20 [stage-1 10/10] RUN chmod +x /app/dist/cli/admin/pgm-admin.js  && ln -s /app/dist/cli/admin/pgm-admin.js /usr/local/bin/pgm-admin  && chmod +x /app/docker-entrypoint.sh
#20 CACHED

#21 exporting to image
#21 exporting layers done
#21 exporting manifest sha256:a54ffe11d59ad3144e963b6d91561b2a66ccb2b47a3e21abf1d24044fc6950af done
#21 exporting config sha256:0e1f76606d61bfb10febb47c442d0526fa6ffe51c7f077ada5cc1a01df256ff5 done
#21 exporting attestation manifest sha256:306e2d99d08ce870a6be9309332834ed21c8baa2dba763ddc97c9df9ccf35169 done
#21 exporting manifest list sha256:239ea0f158636de7b6f387734bc3b63f867b15a4b8b3c15b2a0e693be4ad5abb done
#21 naming to docker.io/library/postgram-mcp-server:latest done
#21 unpacking to docker.io/library/postgram-mcp-server:latest done
#21 DONE 0.1s
Restarting containers...
 Container postgram-mcp-server-1 Running 
 Container postgram-postgram-ui-1 Running 
 Container postgram-postgres-1 Running 
 Container postgram-ollama-1 Running 
 Container postgram-postgram-secrets-1 Starting 
 Container postgram-postgram-secrets-1 Started 
 Container postgram-postgram-secrets-1 Waiting 
 Container postgram-postgram-secrets-1 Exited 
 Container postgram-postgram-secrets-1 Waiting 
 Container postgram-postgres-1 Waiting 
 Container postgram-postgram-secrets-1 Exited 
 Container postgram-postgres-1 Healthy 
 Container postgram-mcp-server-1 Waiting 
 Container postgram-mcp-server-1 Healthy 
=== Update complete ===
=== Checking for updates from upstream repository ===
From https://github.com/Haasie/postgram
 * branch            main       -> FETCH_HEAD
New updates found! Pulling changes...
No local changes to save
From https://github.com/Haasie/postgram
 * branch            main       -> FETCH_HEAD
Already up to date.
No stash entries found.
Warning: Stash pop had conflicts. You may need to resolve them manually in the editor.
Rebuilding UI image...
Building postgram-postgram-ui:latest locally...
#0 building with "default" instance using docker driver

#1 [internal] load build definition from Dockerfile
#1 transferring dockerfile: 459B done
#1 DONE 0.0s

#2 [internal] load metadata for docker.io/library/node:22-alpine
#2 DONE 0.0s

#3 [internal] load metadata for docker.io/library/nginx:alpine
#3 DONE 1.6s

#4 [internal] load .dockerignore
#4 transferring context: 85B done
#4 DONE 0.0s

#5 [internal] load build context
#5 transferring context: 4.83kB done
#5 DONE 0.0s

#6 [stage-1 1/4] FROM docker.io/library/nginx:alpine@sha256:4a73073bd557c65b759505da037898b61f1be6cbcc3c2c3aeac22d2a470c1752
#6 resolve docker.io/library/nginx:alpine@sha256:4a73073bd557c65b759505da037898b61f1be6cbcc3c2c3aeac22d2a470c1752 0.0s done
#6 DONE 0.0s

#7 [builder 1/6] FROM docker.io/library/node:22-alpine@sha256:c610fcdfb1d5b4740dd70c284ed3cb16bb857e0f7166196e36a5501df7a3aa32
#7 resolve docker.io/library/node:22-alpine@sha256:c610fcdfb1d5b4740dd70c284ed3cb16bb857e0f7166196e36a5501df7a3aa32 0.0s done
#7 DONE 0.0s

#8 [builder 5/6] COPY . .
#8 CACHED

#9 [builder 3/6] COPY package*.json ./
#9 CACHED

#10 [stage-1 2/4] COPY --from=builder /app/dist /usr/share/nginx/html
#10 CACHED

#11 [builder 2/6] WORKDIR /app
#11 CACHED

#12 [builder 6/6] RUN npm run build
#12 CACHED

#13 [stage-1 3/4] COPY LICENSE /usr/share/licenses/postgram-ui/LICENSE
#13 CACHED

#14 [builder 4/6] RUN npm ci
#14 CACHED

#15 [stage-1 4/4] COPY nginx.conf /etc/nginx/conf.d/default.conf
#15 CACHED

#16 exporting to image
#16 exporting layers done
#16 exporting manifest sha256:924717d804613960464e15eb7fa20865fef5f8339564c732f9e843be32d7652f done
#16 exporting config sha256:88b9cf914b6af42ef793a27c88da91700cfa3e0e5dc76e2dd61e90744941fba2 done
#16 exporting attestation manifest sha256:c183d8c172f085f9ca7b2535f28d150d3f4f8fd38bf622127c4f7e7dbe7e5641 0.0s done
#16 exporting manifest list sha256:96bc660f9694121f091c46922755acef4ede7fe8bb4a42a4c8c6350d902e883f done
#16 naming to docker.io/library/postgram-postgram-ui:latest done
#16 unpacking to docker.io/library/postgram-postgram-ui:latest done
#16 DONE 0.1s
----------------------------------------
Build complete! You can now import
cosmos-compose.json into Cosmos Cloud.
----------------------------------------
Rebuilding MCP Server image...
#0 building with "default" instance using docker driver

#1 [internal] load build definition from Dockerfile
#1 transferring dockerfile: 1.16kB done
#1 DONE 0.0s

#2 [internal] load metadata for docker.io/library/node:22-alpine
#2 DONE 0.0s

#3 [internal] load .dockerignore
#3 transferring context: 2B done
#3 DONE 0.0s

#4 [builder 1/8] FROM docker.io/library/node:22-alpine@sha256:c610fcdfb1d5b4740dd70c284ed3cb16bb857e0f7166196e36a5501df7a3aa32
#4 resolve docker.io/library/node:22-alpine@sha256:c610fcdfb1d5b4740dd70c284ed3cb16bb857e0f7166196e36a5501df7a3aa32 0.0s done
#4 DONE 0.0s

#5 [internal] load build context
#5 transferring context: 4.67kB done
#5 DONE 0.0s

#6 [builder 5/8] RUN npm ci
#6 CACHED

#7 [stage-1  3/10] RUN apk add --no-cache postgresql17-client tini
#7 CACHED

#8 [stage-1  7/10] COPY LICENSE ./LICENSE
#8 CACHED

#9 [builder 7/8] COPY src ./src
#9 CACHED

#10 [stage-1  4/10] COPY --from=builder /app/dist ./dist
#10 CACHED

#11 [stage-1  8/10] COPY src/db/migrations ./dist/db/migrations
#11 CACHED

#12 [builder 2/8] WORKDIR /app
#12 CACHED

#13 [stage-1  5/10] COPY --from=builder /app/node_modules ./node_modules
#13 CACHED

#14 [stage-1  9/10] COPY docker/postgram-entrypoint.sh ./docker-entrypoint.sh
#14 CACHED

#15 [builder 6/8] COPY tsconfig.json tsconfig.build.json ./
#15 CACHED

#16 [builder 8/8] RUN npm run build
#16 CACHED

#17 [stage-1  6/10] COPY --from=builder /app/package.json ./
#17 CACHED

#18 [builder 3/8] COPY package.json package-lock.json ./
#18 CACHED

#19 [builder 4/8] COPY cli/package.json ./cli/package.json
#19 CACHED

#20 [stage-1 10/10] RUN chmod +x /app/dist/cli/admin/pgm-admin.js  && ln -s /app/dist/cli/admin/pgm-admin.js /usr/local/bin/pgm-admin  && chmod +x /app/docker-entrypoint.sh
#20 CACHED

#21 exporting to image
#21 exporting layers done
#21 exporting manifest sha256:a54ffe11d59ad3144e963b6d91561b2a66ccb2b47a3e21abf1d24044fc6950af done
#21 exporting config sha256:0e1f76606d61bfb10febb47c442d0526fa6ffe51c7f077ada5cc1a01df256ff5 done
#21 exporting attestation manifest sha256:7db48c63569455718961c5577ad2c7f543eb6542d45a812afad1cc29fc300191 done
#21 exporting manifest list sha256:49e18e33819c12c3033ce92e1f2e972b6afb22bdf4c221fe053edaa338d65299 done
#21 naming to docker.io/library/postgram-mcp-server:latest
#21 naming to docker.io/library/postgram-mcp-server:latest done
#21 unpacking to docker.io/library/postgram-mcp-server:latest done
#21 DONE 0.1s
Restarting containers...
 Container postgram-postgres-1 Running 
 Container postgram-ollama-1 Running 
 Container postgram-mcp-server-1 Running 
 Container postgram-postgram-ui-1 Running 
 Container postgram-postgram-secrets-1 Starting 
 Container postgram-postgram-secrets-1 Started 
 Container postgram-postgram-secrets-1 Waiting 
 Container postgram-postgram-secrets-1 Exited 
 Container postgram-postgram-secrets-1 Waiting 
 Container postgram-postgres-1 Waiting 
 Container postgram-postgram-secrets-1 Exited 
 Container postgram-postgres-1 Healthy 
 Container postgram-mcp-server-1 Waiting 
 Container postgram-mcp-server-1 Healthy 
=== Update complete ===
=== Checking for updates from upstream repository ===
From https://github.com/Haasie/postgram
 * branch            main       -> FETCH_HEAD
New updates found! Pulling changes...
No local changes to save
From https://github.com/Haasie/postgram
 * branch            main       -> FETCH_HEAD
Already up to date.
No stash entries found.
Warning: Stash pop had conflicts. You may need to resolve them manually in the editor.
Rebuilding UI image...
Building postgram-postgram-ui:latest locally...
#0 building with "default" instance using docker driver

#1 [internal] load build definition from Dockerfile
#1 transferring dockerfile: 459B done
#1 DONE 0.0s

#2 [internal] load metadata for docker.io/library/node:22-alpine
#2 DONE 0.0s

#3 [internal] load metadata for docker.io/library/nginx:alpine
#3 DONE 1.2s

#4 [internal] load .dockerignore
#4 transferring context: 85B done
#4 DONE 0.0s

#5 [internal] load build context
#5 transferring context: 4.83kB done
#5 DONE 0.0s

#6 [builder 1/6] FROM docker.io/library/node:22-alpine@sha256:c610fcdfb1d5b4740dd70c284ed3cb16bb857e0f7166196e36a5501df7a3aa32
#6 resolve docker.io/library/node:22-alpine@sha256:c610fcdfb1d5b4740dd70c284ed3cb16bb857e0f7166196e36a5501df7a3aa32 0.0s done
#6 DONE 0.0s

#7 [stage-1 1/4] FROM docker.io/library/nginx:alpine@sha256:4a73073bd557c65b759505da037898b61f1be6cbcc3c2c3aeac22d2a470c1752
#7 resolve docker.io/library/nginx:alpine@sha256:4a73073bd557c65b759505da037898b61f1be6cbcc3c2c3aeac22d2a470c1752 0.0s done
#7 DONE 0.0s

#8 [builder 6/6] RUN npm run build
#8 CACHED

#9 [stage-1 3/4] COPY LICENSE /usr/share/licenses/postgram-ui/LICENSE
#9 CACHED

#10 [stage-1 2/4] COPY --from=builder /app/dist /usr/share/nginx/html
#10 CACHED

#11 [builder 4/6] RUN npm ci
#11 CACHED

#12 [builder 5/6] COPY . .
#12 CACHED

#13 [builder 2/6] WORKDIR /app
#13 CACHED

#14 [builder 3/6] COPY package*.json ./
#14 CACHED

#15 [stage-1 4/4] COPY nginx.conf /etc/nginx/conf.d/default.conf
#15 CACHED

#16 exporting to image
#16 exporting layers done
#16 exporting manifest sha256:924717d804613960464e15eb7fa20865fef5f8339564c732f9e843be32d7652f done
#16 exporting config sha256:88b9cf914b6af42ef793a27c88da91700cfa3e0e5dc76e2dd61e90744941fba2 done
#16 exporting attestation manifest sha256:a9583d78ee5806f98db490433bd3224cce123d7effee8ab88e187392ffab93e0 done
#16 exporting manifest list sha256:8042b33dfd0f86d58512296558c0fc1be19eb3dfbe33a5dc12829925fa5d356a done
#16 naming to docker.io/library/postgram-postgram-ui:latest done
#16 unpacking to docker.io/library/postgram-postgram-ui:latest done
#16 DONE 0.0s
----------------------------------------
Build complete! You can now import
cosmos-compose.json into Cosmos Cloud.
----------------------------------------
Rebuilding MCP Server image...
#0 building with "default" instance using docker driver

#1 [internal] load build definition from Dockerfile
#1 transferring dockerfile: 1.16kB done
#1 DONE 0.0s

#2 [internal] load metadata for docker.io/library/node:22-alpine
#2 DONE 0.0s

#3 [internal] load .dockerignore
#3 transferring context: 2B done
#3 DONE 0.0s

#4 [builder 1/8] FROM docker.io/library/node:22-alpine@sha256:c610fcdfb1d5b4740dd70c284ed3cb16bb857e0f7166196e36a5501df7a3aa32
#4 resolve docker.io/library/node:22-alpine@sha256:c610fcdfb1d5b4740dd70c284ed3cb16bb857e0f7166196e36a5501df7a3aa32 0.0s done
#4 DONE 0.0s

#5 [internal] load build context
#5 transferring context: 4.67kB done
#5 DONE 0.0s

#6 [builder 5/8] RUN npm ci
#6 CACHED

#7 [builder 7/8] COPY src ./src
#7 CACHED

#8 [builder 4/8] COPY cli/package.json ./cli/package.json
#8 CACHED

#9 [stage-1  4/10] COPY --from=builder /app/dist ./dist
#9 CACHED

#10 [stage-1  6/10] COPY --from=builder /app/package.json ./
#10 CACHED

#11 [builder 3/8] COPY package.json package-lock.json ./
#11 CACHED

#12 [builder 2/8] WORKDIR /app
#12 CACHED

#13 [builder 8/8] RUN npm run build
#13 CACHED

#14 [stage-1  9/10] COPY docker/postgram-entrypoint.sh ./docker-entrypoint.sh
#14 CACHED

#15 [stage-1  3/10] RUN apk add --no-cache postgresql17-client tini
#15 CACHED

#16 [stage-1  7/10] COPY LICENSE ./LICENSE
#16 CACHED

#17 [builder 6/8] COPY tsconfig.json tsconfig.build.json ./
#17 CACHED

#18 [stage-1  5/10] COPY --from=builder /app/node_modules ./node_modules
#18 CACHED

#19 [stage-1  8/10] COPY src/db/migrations ./dist/db/migrations
#19 CACHED

#20 [stage-1 10/10] RUN chmod +x /app/dist/cli/admin/pgm-admin.js  && ln -s /app/dist/cli/admin/pgm-admin.js /usr/local/bin/pgm-admin  && chmod +x /app/docker-entrypoint.sh
#20 CACHED

#21 exporting to image
#21 exporting layers done
#21 exporting manifest sha256:a54ffe11d59ad3144e963b6d91561b2a66ccb2b47a3e21abf1d24044fc6950af done
#21 exporting config sha256:0e1f76606d61bfb10febb47c442d0526fa6ffe51c7f077ada5cc1a01df256ff5 done
#21 exporting attestation manifest sha256:8425583853410ea2d00e829e3dce07c433359b24b1a900a7a3e279ed3280ab4d done
#21 exporting manifest list sha256:728c451deb2a3d69c2ffa48b7a924a856256f7bd28c10924d7bace0f64a51963 done
#21 naming to docker.io/library/postgram-mcp-server:latest done
#21 unpacking to docker.io/library/postgram-mcp-server:latest done
#21 DONE 0.0s
Restarting containers...
 Container postgram-postgres-1 Running 
 Container postgram-ollama-1 Running 
 Container postgram-mcp-server-1 Running 
 Container postgram-postgram-ui-1 Running 
 Container postgram-postgram-secrets-1 Starting 
 Container postgram-postgram-secrets-1 Started 
 Container postgram-postgram-secrets-1 Waiting 
 Container postgram-postgram-secrets-1 Exited 
 Container postgram-postgram-secrets-1 Waiting 
 Container postgram-postgres-1 Waiting 
 Container postgram-postgram-secrets-1 Exited 
 Container postgram-postgres-1 Healthy 
 Container postgram-mcp-server-1 Waiting 
 Container postgram-mcp-server-1 Healthy 
=== Update complete ===
=== Checking for updates from upstream repository ===
From https://github.com/Haasie/postgram
 * branch            main       -> FETCH_HEAD
New updates found! Pulling changes...
Saved working directory and index state WIP on main: e3032bd Merge key rotation fix from feat branch
From https://github.com/Haasie/postgram
 * branch            main       -> FETCH_HEAD
Already up to date.
On branch main
Your branch is ahead of 'upstream/main' by 6 commits.
  (use "git push" to publish your local commits)

Changes not staged for commit:
  (use "git add <file>..." to update what will be committed)
  (use "git restore <file>..." to discard changes in working directory)
	modified:   src/services/chunking-service.ts
	modified:   src/services/embeddings/providers.ts
	modified:   tsconfig.json

Untracked files:
  (use "git add <file>..." to include in what will be committed)
	COSMOS_SETUP.md
	build-ui.sh
	postgram-groom.log
	postgram-groom.sh
	update.log
	update.sh

no changes added to commit (use "git add" and/or "git commit -a")
Dropped refs/stash@{0} (e5ff0c768826e1ec455cd2b8ab5d583e7fa5e9a9)
Successfully reapplied local modifications.
Rebuilding UI image...
Building postgram-postgram-ui:latest locally...
#0 building with "default" instance using docker driver

#1 [internal] load build definition from Dockerfile
#1 transferring dockerfile: 459B done
#1 DONE 0.0s

#2 [internal] load metadata for docker.io/library/node:22-alpine
#2 DONE 0.0s

#3 [internal] load metadata for docker.io/library/nginx:alpine
#3 DONE 1.8s

#4 [internal] load .dockerignore
#4 transferring context: 85B done
#4 DONE 0.0s

#5 [internal] load build context
#5 transferring context: 4.83kB done
#5 DONE 0.0s

#6 [stage-1 1/4] FROM docker.io/library/nginx:alpine@sha256:4a73073bd557c65b759505da037898b61f1be6cbcc3c2c3aeac22d2a470c1752
#6 resolve docker.io/library/nginx:alpine@sha256:4a73073bd557c65b759505da037898b61f1be6cbcc3c2c3aeac22d2a470c1752 0.0s done
#6 DONE 0.0s

#7 [builder 1/6] FROM docker.io/library/node:22-alpine@sha256:c610fcdfb1d5b4740dd70c284ed3cb16bb857e0f7166196e36a5501df7a3aa32
#7 resolve docker.io/library/node:22-alpine@sha256:c610fcdfb1d5b4740dd70c284ed3cb16bb857e0f7166196e36a5501df7a3aa32 0.0s done
#7 DONE 0.0s

#8 [stage-1 3/4] COPY LICENSE /usr/share/licenses/postgram-ui/LICENSE
#8 CACHED

#9 [builder 5/6] COPY . .
#9 CACHED

#10 [builder 4/6] RUN npm ci
#10 CACHED

#11 [builder 2/6] WORKDIR /app
#11 CACHED

#12 [builder 6/6] RUN npm run build
#12 CACHED

#13 [builder 3/6] COPY package*.json ./
#13 CACHED

#14 [stage-1 2/4] COPY --from=builder /app/dist /usr/share/nginx/html
#14 CACHED

#15 [stage-1 4/4] COPY nginx.conf /etc/nginx/conf.d/default.conf
#15 CACHED

#16 exporting to image
#16 exporting layers done
#16 exporting manifest sha256:924717d804613960464e15eb7fa20865fef5f8339564c732f9e843be32d7652f done
#16 exporting config sha256:88b9cf914b6af42ef793a27c88da91700cfa3e0e5dc76e2dd61e90744941fba2 done
#16 exporting attestation manifest sha256:6a04aa079af0b2ee75f52ce765d469960446f46ac7558146b17905726cd6801d done
#16 exporting manifest list sha256:0fc5face9542ad1cc557f665697e1a48a6d715061591347ac060f06809d0a648 done
#16 naming to docker.io/library/postgram-postgram-ui:latest done
#16 unpacking to docker.io/library/postgram-postgram-ui:latest done
#16 DONE 0.1s
----------------------------------------
Build complete! You can now import
cosmos-compose.json into Cosmos Cloud.
----------------------------------------
Rebuilding MCP Server image...
#0 building with "default" instance using docker driver

#1 [internal] load build definition from Dockerfile
#1 transferring dockerfile: 1.16kB done
#1 DONE 0.0s

#2 [internal] load metadata for docker.io/library/node:22-alpine
#2 DONE 0.0s

#3 [internal] load .dockerignore
#3 transferring context: 2B done
#3 DONE 0.0s

#4 [builder 1/8] FROM docker.io/library/node:22-alpine@sha256:c610fcdfb1d5b4740dd70c284ed3cb16bb857e0f7166196e36a5501df7a3aa32
#4 resolve docker.io/library/node:22-alpine@sha256:c610fcdfb1d5b4740dd70c284ed3cb16bb857e0f7166196e36a5501df7a3aa32 0.0s done
#4 DONE 0.0s

#5 [internal] load build context
#5 transferring context: 21.84kB done
#5 DONE 0.0s

#6 [stage-1  4/10] COPY --from=builder /app/dist ./dist
#6 CACHED

#7 [stage-1  8/10] COPY src/db/migrations ./dist/db/migrations
#7 CACHED

#8 [builder 4/8] COPY cli/package.json ./cli/package.json
#8 CACHED

#9 [builder 7/8] COPY src ./src
#9 CACHED

#10 [builder 2/8] WORKDIR /app
#10 CACHED

#11 [builder 5/8] RUN npm ci
#11 CACHED

#12 [builder 8/8] RUN npm run build
#12 CACHED

#13 [stage-1  5/10] COPY --from=builder /app/node_modules ./node_modules
#13 CACHED

#14 [stage-1  7/10] COPY LICENSE ./LICENSE
#14 CACHED

#15 [builder 3/8] COPY package.json package-lock.json ./
#15 CACHED

#16 [builder 6/8] COPY tsconfig.json tsconfig.build.json ./
#16 CACHED

#17 [stage-1  9/10] COPY docker/postgram-entrypoint.sh ./docker-entrypoint.sh
#17 CACHED

#18 [stage-1  6/10] COPY --from=builder /app/package.json ./
#18 CACHED

#19 [stage-1  3/10] RUN apk add --no-cache postgresql17-client tini
#19 CACHED

#20 [stage-1 10/10] RUN chmod +x /app/dist/cli/admin/pgm-admin.js  && ln -s /app/dist/cli/admin/pgm-admin.js /usr/local/bin/pgm-admin  && chmod +x /app/docker-entrypoint.sh
#20 CACHED

#21 exporting to image
#21 exporting layers done
#21 exporting manifest sha256:138fdb3a7423445f38290266ab340ff31d46056f6e2605e7acc4de03f92e8cc3 done
#21 exporting config sha256:2b17cc73007e03befdbf8a43aeaa4118b2c856c39f4011e9cc1e5aa97a926966 done
#21 exporting attestation manifest sha256:6fb932107cd973872b240aadae7caaea6f47f09adc978720b209d8bf6a5794c4 done
#21 exporting manifest list sha256:68ba7e4189b1c05f3bc0a3de10e5626d082d91da0c5658b9729da6e5d0e1760c done
#21 naming to docker.io/library/postgram-mcp-server:latest done
#21 unpacking to docker.io/library/postgram-mcp-server:latest
#21 unpacking to docker.io/library/postgram-mcp-server:latest done
#21 DONE 0.1s
Restarting containers...
 Container postgram-postgram-ui-1 Running 
 Container postgram-postgres-1 Running 
 Container postgram-ollama-1 Running 
 Container postgram-mcp-server-1 Running 
 Container postgram-postgram-secrets-1 Starting 
 Container postgram-postgram-secrets-1 Started 
 Container postgram-postgram-secrets-1 Waiting 
 Container postgram-postgram-secrets-1 Exited 
 Container postgram-postgram-secrets-1 Waiting 
 Container postgram-postgres-1 Waiting 
 Container postgram-postgram-secrets-1 Exited 
 Container postgram-postgres-1 Healthy 
 Container postgram-mcp-server-1 Waiting 
 Container postgram-mcp-server-1 Healthy 
=== Update complete ===
=== Checking for updates from upstream repository ===
From https://github.com/Haasie/postgram
 * branch            main       -> FETCH_HEAD
New updates found! Pulling changes...
Saved working directory and index state WIP on main: e3032bd Merge key rotation fix from feat branch
From https://github.com/Haasie/postgram
 * branch            main       -> FETCH_HEAD
Already up to date.
On branch main
Your branch is ahead of 'upstream/main' by 6 commits.
  (use "git push" to publish your local commits)

Changes not staged for commit:
  (use "git add <file>..." to update what will be committed)
  (use "git restore <file>..." to discard changes in working directory)
	modified:   src/services/chunking-service.ts
	modified:   src/services/embeddings/providers.ts
	modified:   tsconfig.json

Untracked files:
  (use "git add <file>..." to include in what will be committed)
	COSMOS_SETUP.md
	build-ui.sh
	postgram-groom.log
	postgram-groom.sh
	update.log
	update.sh

no changes added to commit (use "git add" and/or "git commit -a")
Dropped refs/stash@{0} (51fe81001aa070d7730a062d67fb3ff18c6f2715)
Successfully reapplied local modifications.
Rebuilding UI image...
Building postgram-postgram-ui:latest locally...
#0 building with "default" instance using docker driver

#1 [internal] load build definition from Dockerfile
#1 transferring dockerfile: 459B done
#1 DONE 0.0s

#2 [internal] load metadata for docker.io/library/node:22-alpine
#2 DONE 0.0s

#3 [internal] load metadata for docker.io/library/nginx:alpine
#3 DONE 2.9s

#4 [internal] load .dockerignore
#4 transferring context: 85B done
#4 DONE 0.0s

#5 [internal] load build context
#5 transferring context: 4.83kB done
#5 DONE 0.0s

#6 [builder 1/6] FROM docker.io/library/node:22-alpine@sha256:c610fcdfb1d5b4740dd70c284ed3cb16bb857e0f7166196e36a5501df7a3aa32
#6 resolve docker.io/library/node:22-alpine@sha256:c610fcdfb1d5b4740dd70c284ed3cb16bb857e0f7166196e36a5501df7a3aa32 0.0s done
#6 DONE 0.0s

#7 [builder 5/6] COPY . .
#7 CACHED

#8 [builder 2/6] WORKDIR /app
#8 CACHED

#9 [builder 3/6] COPY package*.json ./
#9 CACHED

#10 [builder 4/6] RUN npm ci
#10 CACHED

#11 [builder 6/6] RUN npm run build
#11 CACHED

#12 [stage-1 1/4] FROM docker.io/library/nginx:alpine@sha256:db35bfc6b2951e7f8a72db5db120288c127ffaeeb4a6d4b95a26fead017d5913
#12 resolve docker.io/library/nginx:alpine@sha256:db35bfc6b2951e7f8a72db5db120288c127ffaeeb4a6d4b95a26fead017d5913 0.0s done
#12 DONE 0.1s

#12 [stage-1 1/4] FROM docker.io/library/nginx:alpine@sha256:db35bfc6b2951e7f8a72db5db120288c127ffaeeb4a6d4b95a26fead017d5913
#12 sha256:fb597529c91648bab2279939e01b745210875081852c73000aed882c000ff5de 0B / 20.50MB 0.2s
#12 sha256:fb597529c91648bab2279939e01b745210875081852c73000aed882c000ff5de 3.15MB / 20.50MB 0.3s
#12 sha256:da4dea1b00afb53e163ae330a511ecd6978371d99794c80f439b83b609eb9d66 0B / 1.40kB 0.2s
#12 sha256:8cdfe4f237782ae36780c4634b1457e8d6efa6f929fc3e46b0a2074ba54acd56 0B / 1.21kB 0.2s
#12 sha256:0d62d88506ba127db40e7c137e3a2dcf65e563709676828820b8c82277a6caeb 0B / 404B 0.2s
#12 sha256:fb597529c91648bab2279939e01b745210875081852c73000aed882c000ff5de 7.34MB / 20.50MB 0.5s
#12 sha256:fb597529c91648bab2279939e01b745210875081852c73000aed882c000ff5de 11.53MB / 20.50MB 0.6s
#12 sha256:fb597529c91648bab2279939e01b745210875081852c73000aed882c000ff5de 13.63MB / 20.50MB 0.8s
#12 sha256:da4dea1b00afb53e163ae330a511ecd6978371d99794c80f439b83b609eb9d66 1.40kB / 1.40kB 0.6s done
#12 sha256:8cdfe4f237782ae36780c4634b1457e8d6efa6f929fc3e46b0a2074ba54acd56 1.21kB / 1.21kB 0.6s done
#12 sha256:0d62d88506ba127db40e7c137e3a2dcf65e563709676828820b8c82277a6caeb 404B / 404B 0.6s done
#12 sha256:fb597529c91648bab2279939e01b745210875081852c73000aed882c000ff5de 16.70MB / 20.50MB 0.9s
#12 sha256:1ed8e39a7434c8975957bb78530f191c92eecbd9c7309966192ba276a7c0ac61 955B / 955B 0.2s done
#12 sha256:0ea93572787841bba2f3921ece8dc2db925c22232a1388c766881ebe3bd3f67d 628B / 628B 0.2s done
#12 sha256:d94291c262619626bc7a27b61b090d85365e85c61f92ca49b190a26930121299 0B / 1.90MB 0.2s
#12 sha256:fb597529c91648bab2279939e01b745210875081852c73000aed882c000ff5de 17.83MB / 20.50MB 1.1s
#12 sha256:d94291c262619626bc7a27b61b090d85365e85c61f92ca49b190a26930121299 1.90MB / 1.90MB 0.5s done
#12 sha256:fb597529c91648bab2279939e01b745210875081852c73000aed882c000ff5de 20.50MB / 20.50MB 1.3s done
#12 extracting sha256:d94291c262619626bc7a27b61b090d85365e85c61f92ca49b190a26930121299 0.1s done
#12 extracting sha256:0ea93572787841bba2f3921ece8dc2db925c22232a1388c766881ebe3bd3f67d
#12 extracting sha256:0ea93572787841bba2f3921ece8dc2db925c22232a1388c766881ebe3bd3f67d 0.0s done
#12 extracting sha256:1ed8e39a7434c8975957bb78530f191c92eecbd9c7309966192ba276a7c0ac61 0.0s done
#12 extracting sha256:0d62d88506ba127db40e7c137e3a2dcf65e563709676828820b8c82277a6caeb done
#12 extracting sha256:8cdfe4f237782ae36780c4634b1457e8d6efa6f929fc3e46b0a2074ba54acd56 done
#12 extracting sha256:da4dea1b00afb53e163ae330a511ecd6978371d99794c80f439b83b609eb9d66 done
#12 extracting sha256:fb597529c91648bab2279939e01b745210875081852c73000aed882c000ff5de
#12 extracting sha256:fb597529c91648bab2279939e01b745210875081852c73000aed882c000ff5de 0.3s done
#12 DONE 1.7s

#13 [stage-1 2/4] COPY --from=builder /app/dist /usr/share/nginx/html
#13 DONE 0.1s

#14 [stage-1 3/4] COPY LICENSE /usr/share/licenses/postgram-ui/LICENSE
#14 DONE 0.0s

#15 [stage-1 4/4] COPY nginx.conf /etc/nginx/conf.d/default.conf
#15 DONE 0.0s

#16 exporting to image
#16 exporting layers 0.1s done
#16 exporting manifest sha256:d8c1caa705b7e4017d49b7144b2be42420307fc21d0d5b12f0ac3caebeeb130d done
#16 exporting config sha256:ef3e0a720501c4afeef4e8933c3b04e6b939b8287c3d5928a1209770a78bec44 done
#16 exporting attestation manifest sha256:e01f0f8ee2cb227cf2fbacc5226dfd054c4b51c2acf68d62182046f32d8de88b done
#16 exporting manifest list sha256:97f90639bf1b9cfe020907c707470fa977e086c862df7baf8f59f7b634260464 done
#16 naming to docker.io/library/postgram-postgram-ui:latest done
#16 unpacking to docker.io/library/postgram-postgram-ui:latest 0.0s done
#16 DONE 0.2s
----------------------------------------
Build complete! You can now import
cosmos-compose.json into Cosmos Cloud.
----------------------------------------
Rebuilding MCP Server image...
#0 building with "default" instance using docker driver

#1 [internal] load build definition from Dockerfile
#1 transferring dockerfile: 1.16kB done
#1 DONE 0.0s

#2 [internal] load metadata for docker.io/library/node:22-alpine
#2 DONE 0.0s

#3 [internal] load .dockerignore
#3 transferring context: 2B done
#3 DONE 0.0s

#4 [builder 1/8] FROM docker.io/library/node:22-alpine@sha256:c610fcdfb1d5b4740dd70c284ed3cb16bb857e0f7166196e36a5501df7a3aa32
#4 resolve docker.io/library/node:22-alpine@sha256:c610fcdfb1d5b4740dd70c284ed3cb16bb857e0f7166196e36a5501df7a3aa32 0.0s done
#4 DONE 0.0s

#5 [internal] load build context
#5 transferring context: 21.84kB done
#5 DONE 0.0s

#6 [builder 4/8] COPY cli/package.json ./cli/package.json
#6 CACHED

#7 [builder 2/8] WORKDIR /app
#7 CACHED

#8 [stage-1  9/10] COPY docker/postgram-entrypoint.sh ./docker-entrypoint.sh
#8 CACHED

#9 [stage-1  7/10] COPY LICENSE ./LICENSE
#9 CACHED

#10 [stage-1  8/10] COPY src/db/migrations ./dist/db/migrations
#10 CACHED

#11 [builder 8/8] RUN npm run build
#11 CACHED

#12 [stage-1  5/10] COPY --from=builder /app/node_modules ./node_modules
#12 CACHED

#13 [stage-1  4/10] COPY --from=builder /app/dist ./dist
#13 CACHED

#14 [stage-1  6/10] COPY --from=builder /app/package.json ./
#14 CACHED

#15 [builder 3/8] COPY package.json package-lock.json ./
#15 CACHED

#16 [builder 5/8] RUN npm ci
#16 CACHED

#17 [builder 7/8] COPY src ./src
#17 CACHED

#18 [builder 6/8] COPY tsconfig.json tsconfig.build.json ./
#18 CACHED

#19 [stage-1  3/10] RUN apk add --no-cache postgresql17-client tini
#19 CACHED

#20 [stage-1 10/10] RUN chmod +x /app/dist/cli/admin/pgm-admin.js  && ln -s /app/dist/cli/admin/pgm-admin.js /usr/local/bin/pgm-admin  && chmod +x /app/docker-entrypoint.sh
#20 CACHED

#21 exporting to image
#21 exporting layers done
#21 exporting manifest sha256:138fdb3a7423445f38290266ab340ff31d46056f6e2605e7acc4de03f92e8cc3 done
#21 exporting config sha256:2b17cc73007e03befdbf8a43aeaa4118b2c856c39f4011e9cc1e5aa97a926966 done
#21 exporting attestation manifest sha256:66f77e425b53347fe906fd164d33797be6aa94585ec1c03f1b33b5fb02cff34a done
#21 exporting manifest list sha256:d8de68caac026c368f5fcb5e1ff6c916d03cc037801f502aca563549500d6a32 done
#21 naming to docker.io/library/postgram-mcp-server:latest done
#21 unpacking to docker.io/library/postgram-mcp-server:latest done
#21 DONE 0.1s
Restarting containers...
 Container postgram-postgres-1 Running 
 Container postgram-ollama-1 Running 
 Container postgram-mcp-server-1 Running 
 Container postgram-postgram-ui-1 Recreate 
 Container postgram-postgram-ui-1 Recreated 
 Container postgram-postgram-secrets-1 Starting 
 Container postgram-postgram-secrets-1 Started 
 Container postgram-postgram-secrets-1 Waiting 
 Container postgram-postgram-secrets-1 Exited 
 Container postgram-postgram-secrets-1 Waiting 
 Container postgram-postgres-1 Waiting 
 Container postgram-postgram-secrets-1 Exited 
 Container postgram-postgres-1 Healthy 
 Container postgram-mcp-server-1 Waiting 
 Container postgram-mcp-server-1 Healthy 
 Container postgram-postgram-ui-1 Starting 
 Container postgram-postgram-ui-1 Started 
=== Update complete ===
